value_ms,qos,metric
6.390283000655472,standard,ttfb
5.875308001122903,standard,ttfb
4.529021000053035,standard,ttfb
4.133914000703953,standard,ttfb
4.47035999968648,standard,ttfb
4.365520999272121,standard,ttfb
4.6186100007616915,standard,ttfb
4.560138997476315,standard,ttfb
4.194077002466656,standard,ttfb
4.224584001349285,standard,ttfb
3.9412689984601457,standard,ttfb
3.384173996892059,standard,ttfb
3.6451189989747945,standard,ttfb
3.632373998698313,standard,ttfb
3.9056610003171954,standard,ttfb
3.3113960016635247,standard,ttfb
3.1752389986650087,standard,ttfb
4.639249997126171,standard,ttfb
4.920743002003292,standard,ttfb
4.651762999856146,standard,ttfb
3.66194999878644,standard,ttfb
5.158080999535741,standard,ttfb
3.8781990006100386,standard,ttfb
3.4830709992093034,standard,ttfb
4.154783000558382,standard,ttfb
41.948654001316754,standard,ttfb
4.3671450002875645,standard,ttfb
4.696568001236301,standard,ttfb
5.121802001667675,standard,ttfb
4.632867003238061,standard,ttfb
4.390759000671096,standard,ttfb
3.943581999919843,standard,ttfb
73.49024400173221,standard,ttfb
5.033205001382157,standard,ttfb
4.843015001824824,standard,ttfb
4.851632002100814,standard,ttfb
4.95217100251466,standard,ttfb
5.301703000441194,standard,ttfb
5.074784003227251,standard,ttfb
5.0158119993284345,standard,ttfb
4.667232002248056,standard,ttfb
4.751100997964386,standard,ttfb
4.447135997907026,standard,ttfb
4.310627999075223,standard,ttfb
4.992827998648863,standard,ttfb
5.136700998264132,standard,ttfb
4.2882349989668,standard,ttfb
4.140184999414487,standard,ttfb
3.821220998361241,standard,ttfb
4.444611000508303,standard,ttfb
4.0347659996768925,standard,ttfb
3.6973669994040392,standard,ttfb
8.315385999594582,standard,ttfb
3.7201900013315026,standard,ttfb
3.4248420015501324,standard,ttfb
3.954211999371182,standard,ttfb
3.895040998031618,standard,ttfb
4.712758000096073,standard,ttfb
4.060364000906702,standard,ttfb
4.475309997360455,standard,ttfb
3.3830920001491904,standard,ttfb
2.989757998875575,standard,ttfb
2.9545110010076314,standard,ttfb
3.393663002498215,standard,ttfb
2.974278999317903,standard,ttfb
3.2117379996634554,standard,ttfb
3.0115590016066562,standard,ttfb
2.870561998861376,standard,ttfb
2.8004300002066884,standard,ttfb
3.1459230012842454,standard,ttfb
4.060765000758693,standard,ttfb
3.6984190010116436,standard,ttfb
2.896531001169933,standard,ttfb
3.02453400217928,standard,ttfb
2.9699410006287508,standard,ttfb
2.895769997849129,standard,ttfb
2.978786997118732,standard,ttfb
4.020788997877389,standard,ttfb
3.7529520013777073,standard,ttfb
4.184508998150704,standard,ttfb
17.014707998896483,standard,ttfb
4.563124999549473,standard,ttfb
4.220926999551011,standard,ttfb
4.040657000587089,standard,ttfb
3.712173998792423,standard,ttfb
3.0928030028007925,standard,ttfb
3.6811169993598014,standard,ttfb
3.920819999621017,standard,ttfb
4.620032999810064,standard,ttfb
5.079702998045832,standard,ttfb
5.029337997257244,standard,ttfb
4.878161002125125,standard,ttfb
4.153099001996452,standard,ttfb
36.17836500052363,standard,ttfb
6.035251000866992,standard,ttfb
5.6322189993807115,standard,ttfb
5.74469200000749,standard,ttfb
4.917805999866687,standard,ttfb
3.712585999892326,standard,ttfb
4.663294999772916,standard,ttfb
4.2583989998092875,standard,ttfb
3.959744000894716,standard,ttfb
5.008337997423951,standard,ttfb
54.30034800156136,standard,ttfb
12.390027000947157,standard,ttfb
5.892391000088537,standard,ttfb
5.356607001886005,standard,ttfb
4.910552997898776,standard,ttfb
5.963175000943011,standard,ttfb
5.572325000684941,standard,ttfb
6.346529997244943,standard,ttfb
4.612138000084087,standard,ttfb
4.998698997951578,standard,ttfb
4.680818001361331,standard,ttfb
5.1678300005733036,standard,ttfb
4.717947998869931,standard,ttfb
4.369708996819099,standard,ttfb
3.5691650009539444,standard,ttfb
3.4495180007070303,standard,ttfb
3.0746980010007974,standard,ttfb
3.254690000176197,standard,ttfb
4.163297999184579,standard,ttfb
3.730019001523033,standard,ttfb
3.450668998993933,standard,ttfb
3.258426000684267,standard,ttfb
3.0702809999638703,standard,ttfb
3.244539999286644,standard,ttfb
3.2898160025069956,standard,ttfb
3.566709001461277,standard,ttfb
3.550428999005817,standard,ttfb
3.64459699994768,standard,ttfb
3.750447001948487,standard,ttfb
3.9045489975251257,standard,ttfb
4.3904390004172456,standard,ttfb
3.3940729990717955,standard,ttfb
3.558213997166604,standard,ttfb
3.4507000018493272,standard,ttfb
3.493760999845108,standard,ttfb
3.1406230009451974,standard,ttfb
3.4029999987978954,standard,ttfb
3.3262040014960803,standard,ttfb
3.9272819994948804,standard,ttfb
3.379755999048939,standard,ttfb
3.3656500017968938,standard,ttfb
3.624769000452943,standard,ttfb
4.45239599866909,standard,ttfb
4.75925699720392,standard,ttfb
25.15523300098721,standard,ttfb
5.339655002899235,standard,ttfb
82.5497669975448,standard,ttfb
5.027714996685972,standard,ttfb
5.592935001914157,standard,ttfb
4.334762998041697,standard,ttfb
4.420916000526631,standard,ttfb
4.946671000652714,standard,ttfb
5.315097998391138,standard,ttfb
5.241519000264816,standard,ttfb
5.661454000801314,standard,ttfb
5.853467002452817,standard,ttfb
5.364882999856491,standard,ttfb
5.3655740011890884,standard,ttfb
5.556034000619547,standard,ttfb
4.595307000272442,standard,ttfb
4.442777000804199,standard,ttfb
3.6961650002922397,standard,ttfb
3.759264000109397,standard,ttfb
3.7566089995380025,standard,ttfb
14.911247999407351,standard,ttfb
4.942952997225802,standard,ttfb
4.924117998598376,standard,ttfb
5.006153998692753,standard,ttfb
4.9046610001823865,standard,ttfb
6.131923997600097,standard,ttfb
6.140099998447113,standard,ttfb
6.4342760015279055,standard,ttfb
5.759740000939928,standard,ttfb
5.537838998861844,standard,ttfb
3.7350689999584574,standard,ttfb
4.346675999840954,standard,ttfb
4.309334999561543,standard,ttfb
4.2848180019063875,standard,ttfb
3.4845540030801203,standard,ttfb
5.6400339999527205,standard,ttfb
3.21720799911418,standard,ttfb
3.019192998181097,standard,ttfb
3.284575999714434,standard,ttfb
12.6288889987336,standard,ttfb
4.037620998133207,standard,ttfb
4.425544997502584,standard,ttfb
4.498332000366645,standard,ttfb
4.668194000259973,standard,ttfb
4.462444998353021,standard,ttfb
4.119585999433184,standard,ttfb
4.104146002646303,standard,ttfb
4.021901000669459,standard,ttfb
3.773781001655152,standard,ttfb
3.66084800043609,standard,ttfb
4.141466997680254,standard,ttfb
4.131738998694345,standard,ttfb
4.251826001564041,standard,ttfb
3.753393000806682,standard,ttfb
4.360221002571052,standard,ttfb
4.192824999336153,standard,ttfb
3.3315740001853555,standard,ttfb
4.77301299906685,standard,ttfb
4.144594000536017,standard,ttfb
4.345704001025297,standard,ttfb
4.415216000779765,standard,ttfb
10.450376001244877,standard,ttfb
3.551229998265626,standard,ttfb
8.798310002021026,standard,ttfb
3.743885001313174,standard,ttfb
3.4843240027839784,standard,ttfb
3.615542002080474,standard,ttfb
3.6088999986532144,standard,ttfb
4.065933997480897,standard,ttfb
4.5308340013434645,standard,ttfb
4.061285999341635,standard,ttfb
5.048994000389939,standard,ttfb
4.316929997003172,standard,ttfb
4.423481001140317,standard,ttfb
4.0914719975262415,standard,ttfb
6.2236880003183614,standard,ttfb
4.262255999492481,standard,ttfb
4.190129002381582,standard,ttfb
39.63972500059754,standard,ttfb
5.1829680014634505,standard,ttfb
4.949075999320485,standard,ttfb
5.391753998992499,standard,ttfb
4.293795002013212,standard,ttfb
3.7840610020793974,standard,ttfb
3.6409100030141417,standard,ttfb
3.456280002865242,standard,ttfb
3.680595000332687,standard,ttfb
4.00944799912395,standard,ttfb
4.046759000630118,standard,ttfb
4.138641997997183,standard,ttfb
4.212220999761485,standard,ttfb
4.530002999672433,standard,ttfb
30.685509998875204,standard,ttfb
5.036991999077145,standard,ttfb
5.02940799924545,standard,ttfb
4.800233997229952,standard,ttfb
4.698552002082579,standard,ttfb
4.046998998092022,standard,ttfb
4.642906998924445,standard,ttfb
4.5173789985710755,standard,ttfb
4.4932029995834455,standard,ttfb
4.801406001206487,standard,ttfb
4.84087100267061,standard,ttfb
5.227041001489852,standard,ttfb
4.803230000106851,standard,ttfb
4.646433000743855,standard,ttfb
5.080544997326797,standard,ttfb
4.406759999255883,standard,ttfb
4.432759000337683,standard,ttfb
22.923509997781366,standard,ttfb
100.09248500136891,standard,ttfb
11.84586700037471,standard,ttfb
5.893653000384802,standard,ttfb
5.232691997662187,standard,ttfb
5.089201000373578,standard,ttfb
4.986056002962869,standard,ttfb
5.270583998935763,standard,ttfb
4.989442000805866,standard,ttfb
55.06586699993932,standard,ttfb
4.8759070014057215,standard,ttfb
4.772150998178404,standard,ttfb
4.824919997190591,standard,ttfb
4.866730003413977,standard,ttfb
4.716504998214077,standard,ttfb
4.9630720022832975,standard,ttfb
4.955817999871215,standard,ttfb
4.9851639996632,standard,ttfb
5.245967000519158,standard,ttfb
5.096333999972558,standard,ttfb
4.73800599866081,standard,ttfb
4.856039999140194,standard,ttfb
5.521839000721229,standard,ttfb
4.73457999760285,standard,ttfb
5.012665998947341,standard,ttfb
4.956308999680914,standard,ttfb
18.951334001030773,standard,ttfb
4.77142900126637,standard,ttfb
4.4376069999998435,standard,ttfb
4.1122129987343214,standard,ttfb
4.374357999040512,standard,ttfb
4.678964000049746,standard,ttfb
4.771370000526076,standard,ttfb
4.767432001244742,standard,ttfb
4.724530997918919,standard,ttfb
5.254873998637777,standard,ttfb
5.431166999187553,standard,ttfb
4.911844996968284,standard,ttfb
4.022652999992715,standard,ttfb
2.923833002569154,standard,ttfb
3.926951001631096,standard,ttfb
3.5681730005308054,standard,ttfb
3.471379000984598,standard,ttfb
3.7997809995431453,standard,ttfb
3.6261620007280726,standard,ttfb
20.683190999989165,standard,ttfb
4.628930000762921,standard,ttfb
4.773183001816506,standard,ttfb
4.8634429986123,standard,ttfb
4.561903002468171,standard,ttfb
4.446053000719985,standard,ttfb
3.4519820001150947,standard,ttfb
3.710340999532491,standard,ttfb
3.571127999748569,standard,ttfb
3.431533998082159,standard,ttfb
3.5215040006733034,standard,ttfb
58.315756999945734,standard,ttfb
5.030579999584006,standard,ttfb
4.949557001964422,standard,ttfb
5.139526001585182,standard,ttfb
4.138891999900807,standard,ttfb
4.213423999317456,standard,ttfb
4.742123997857561,standard,ttfb
5.3759430011268705,standard,ttfb
4.814921998331556,standard,ttfb
6.117636999988463,standard,ttfb
5.529584999749204,standard,ttfb
4.982558999472531,standard,ttfb
3.9555049988848623,standard,ttfb
3.4247609983140137,standard,ttfb
3.279577002103906,standard,ttfb
2.9718129990214948,standard,ttfb
3.0127819991321303,standard,ttfb
26.106954999704612,standard,ttfb
4.02040799963288,standard,ttfb
4.31934399966849,standard,ttfb
4.1770640018512495,standard,ttfb
4.253429000527831,standard,ttfb
4.114837000088301,standard,ttfb
4.625303001375869,standard,ttfb
4.536143998848274,standard,ttfb
4.40734099902329,standard,ttfb
4.275852003047476,standard,ttfb
4.443878999154549,standard,ttfb
4.930340001010336,standard,ttfb
5.063792999862926,standard,ttfb
4.001531997346319,standard,ttfb
4.783272001077421,standard,ttfb
3.818706998572452,standard,ttfb
4.218112000671681,standard,ttfb
4.480318002606509,standard,ttfb
4.180582000117283,standard,ttfb
32.34056200017221,standard,ttfb
5.104299001686741,standard,ttfb
4.833776998566464,standard,ttfb
5.038335002609529,standard,ttfb
4.824859999644104,standard,ttfb
4.023764999146806,standard,ttfb
4.0384630010521505,standard,ttfb
3.810621001321124,standard,ttfb
4.915563000395196,standard,ttfb
4.344871998910094,standard,ttfb
4.775768000399694,standard,ttfb
5.100721999042435,standard,ttfb
5.065255998488283,standard,ttfb
4.103465998923639,standard,ttfb
4.3272590010019485,standard,ttfb
4.515104999882169,standard,ttfb
4.51013400015654,standard,ttfb
4.032090997498017,standard,ttfb
3.2574040014878847,standard,ttfb
3.6593050026567653,standard,ttfb
4.8403300024801865,standard,ttfb
4.1601829980209,standard,ttfb
3.8187270001799334,standard,ttfb
3.6477330031630117,standard,ttfb
3.791054001339944,standard,ttfb
3.339188999234466,standard,ttfb
3.997415002231719,standard,ttfb
3.680945999803953,standard,ttfb
4.189569001027849,standard,ttfb
3.404162998776883,standard,ttfb
3.9860029974079225,standard,ttfb
3.803226998570608,standard,ttfb
3.683831000671489,standard,ttfb
3.694892002386041,standard,ttfb
3.604141002142569,standard,ttfb
4.100660000403877,standard,ttfb
5.584408001595875,standard,ttfb
6.003690999932587,standard,ttfb
6.611881999560865,standard,ttfb
4.8638240004947875,standard,ttfb
3.6954130009689834,standard,ttfb
3.568572999938624,standard,ttfb
3.6210920006851666,standard,ttfb
3.508478999719955,standard,ttfb
3.4554679987195414,standard,ttfb
3.5161640007572714,standard,ttfb
3.7396869993244763,standard,ttfb
3.8218520021473523,standard,ttfb
3.787237001233734,standard,ttfb
3.606476002460113,standard,ttfb
4.623439999704715,standard,ttfb
4.17693499912275,standard,ttfb
69.34120200094185,standard,ttfb
6.608465999306645,standard,ttfb
5.505068002094049,standard,ttfb
5.684326999471523,standard,ttfb
5.378557998483302,standard,ttfb
5.347269998310367,standard,ttfb
5.7688369997777045,standard,ttfb
5.9669619986379985,standard,ttfb
5.387966000853339,standard,ttfb
3.640289000031771,standard,ttfb
3.5621009992610198,standard,ttfb
3.0458239998552017,standard,ttfb
3.2850259995029774,standard,ttfb
38.45652600284666,standard,ttfb
4.722485999081982,standard,ttfb
4.503503001615172,standard,ttfb
6.647680002060952,standard,ttfb
5.83331899906625,standard,ttfb
6.539816000440624,standard,ttfb
5.561464000493288,standard,ttfb
5.469010000524577,standard,ttfb
5.164894999325043,standard,ttfb
4.984221999620786,standard,ttfb
5.081526000140002,standard,ttfb
4.456192997167818,standard,ttfb
4.504242999246344,standard,ttfb
3.4057650009344798,standard,ttfb
3.1340709974756464,standard,ttfb
2.990479002619395,standard,ttfb
25.31177000128082,standard,ttfb
3.833965998637723,standard,ttfb
3.9469889998144936,standard,ttfb
4.239543002768187,standard,ttfb
4.578965999826323,standard,ttfb
4.453066998394206,standard,ttfb
4.2611440003383905,standard,ttfb
4.068328998982906,standard,ttfb
4.764946999785025,standard,ttfb
4.0058200029307045,standard,ttfb
4.425564999110065,standard,ttfb
3.7429229996632785,standard,ttfb
4.155094000452664,standard,ttfb
4.216860001179157,standard,ttfb
4.09525999930338,standard,ttfb
4.154661997745279,standard,ttfb
4.31915299850516,standard,ttfb
3.8909830000193324,standard,ttfb
4.0628389979247,standard,ttfb
4.083277002791874,standard,ttfb
4.796727000211831,standard,ttfb
4.422819998580962,standard,ttfb
3.827282998827286,standard,ttfb
4.008927000541007,standard,ttfb
5.310528998961672,standard,ttfb
4.895132999081397,standard,ttfb
5.73426199844107,standard,ttfb
85.3314619998855,standard,ttfb
5.735073002142599,standard,ttfb
5.459531999804312,standard,ttfb
5.081306000647601,standard,ttfb
5.157479001354659,standard,ttfb
4.325705998780904,standard,ttfb
4.40776100003859,standard,ttfb
68.86074200156145,standard,ttfb
5.12063100177329,standard,ttfb
5.140197001310298,standard,ttfb
4.959034002240514,standard,ttfb
4.944866999721853,standard,ttfb
5.060837000200991,standard,ttfb
5.107867000333499,standard,ttfb
5.416721000074176,standard,ttfb
5.3689300002588425,standard,ttfb
4.672332997870399,standard,ttfb
4.1034049972950015,standard,ttfb
4.286621999199269,standard,ttfb
4.203554999548942,standard,ttfb
3.566098999726819,standard,ttfb
4.480327999772271,standard,ttfb
4.0579099986644,standard,ttfb
4.063099000632064,standard,ttfb
4.124716000660555,standard,ttfb
32.219974000327056,standard,ttfb
5.922748001466971,standard,ttfb
81.49400899856118,standard,ttfb
5.513813997822581,standard,ttfb
4.9071370012825355,standard,ttfb
4.406159001518972,standard,ttfb
4.371112001535948,standard,ttfb
4.5376570014923345,standard,ttfb
4.7009860027174,standard,ttfb
4.539850997389294,standard,ttfb
4.28433699926245,standard,ttfb
4.6331379999173805,standard,ttfb
56.30431000099634,standard,ttfb
4.9847439986479,standard,ttfb
4.9925980019907,standard,ttfb
4.964073999872198,standard,ttfb
4.976558000635123,standard,ttfb
5.117193999467418,standard,ttfb
4.947984001773875,standard,ttfb
5.033204997744178,standard,ttfb
5.095683001854923,standard,ttfb
4.7706379991723225,standard,ttfb
5.115048999869032,standard,ttfb
4.9263530017924495,standard,ttfb
5.28262600346352,standard,ttfb
5.493026001204271,standard,ttfb
5.611709999357117,standard,ttfb
27.119139998831088,standard,ttfb
4.832245002035052,standard,ttfb
5.258149998553563,standard,ttfb
5.152120000275318,standard,ttfb
4.841190999286482,standard,ttfb
4.863053000008222,standard,ttfb
4.404285002237884,standard,ttfb
4.567151998344343,standard,ttfb
4.629801998817129,standard,ttfb
5.1844209992850665,standard,ttfb
4.43855899720802,standard,ttfb
4.569828000967391,standard,ttfb
4.877380000834819,standard,ttfb
4.556272000627359,standard,ttfb
5.138043998158537,standard,ttfb
4.880645999946864,standard,ttfb
3.6026769994350616,standard,ttfb
3.977898002631264,standard,ttfb
3.4188699974038173,standard,ttfb
15.058507000503596,standard,ttfb
4.030257001431892,standard,ttfb
3.902585998730501,standard,ttfb
3.9405870011250954,standard,ttfb
3.965083000366576,standard,ttfb
4.876618000707822,standard,ttfb
4.763975000969367,standard,ttfb
4.872018998867134,standard,ttfb
4.991345998860197,standard,ttfb
5.161508001037873,standard,ttfb
5.090982998808613,standard,ttfb
4.086813998583239,standard,ttfb
3.727964998688549,standard,ttfb
3.9278830008697696,standard,ttfb
3.9464980000047944,standard,ttfb
4.064611999638146,standard,ttfb
45.50718800237519,standard,ttfb
5.546165000851033,standard,ttfb
6.566506999661215,standard,ttfb
5.505758999788668,standard,ttfb
5.730865999794332,standard,ttfb
5.294368998875143,standard,ttfb
4.465410002012504,standard,ttfb
5.0767770007951185,standard,ttfb
4.122129997995216,standard,ttfb
4.578142998070689,standard,ttfb
4.041779000544921,standard,ttfb
3.3448999965912662,standard,ttfb
3.546150001056958,standard,ttfb
3.4120769996661693,standard,ttfb
3.3648169992375188,standard,ttfb
4.357886999059701,standard,ttfb
4.678643999795895,standard,ttfb
4.744799000036437,standard,ttfb
3.76852200133726,standard,ttfb
4.400787998747546,standard,ttfb
3.3927799995581154,standard,ttfb
3.990853001596406,standard,ttfb
3.6064849991817027,standard,ttfb
3.5991000004287343,standard,ttfb
3.5487659988575615,standard,ttfb
3.663903000415303,standard,ttfb
3.188253002008423,standard,ttfb
86.84672899835277,standard,ttfb
9.15728000109084,standard,ttfb
6.494550001661992,standard,ttfb
5.122163998748874,standard,ttfb
4.609704003087245,standard,ttfb
5.8192819997202605,standard,ttfb
6.130030000349507,standard,ttfb
6.5774969989433885,standard,ttfb
5.147400999703677,standard,ttfb
36.08707099920139,standard,ttfb
3.6955540017515887,standard,ttfb
3.423819001909578,standard,ttfb
4.019735999463592,standard,ttfb
4.419523000251502,standard,ttfb
4.430193999723997,standard,ttfb
3.7051620020065457,standard,ttfb
4.300017000787193,standard,ttfb
4.334111999924062,standard,ttfb
4.090801001439104,standard,ttfb
4.216539000481134,standard,ttfb
4.585538001265377,standard,ttfb
3.7682809997932054,standard,ttfb
5.378748999646632,standard,ttfb
6.106205997639336,standard,ttfb
6.132665999757592,standard,ttfb
5.233083000348415,standard,ttfb
4.58837299811421,standard,ttfb
22.23452699763584,standard,ttfb
4.042619999381714,standard,ttfb
7.809749000443844,standard,ttfb
3.6349390029499773,standard,ttfb
3.8517399989359546,standard,ttfb
3.4542069988674484,standard,ttfb
3.996843999630073,standard,ttfb
5.048743998486316,standard,ttfb
4.497420999541646,standard,ttfb
4.171864999079844,standard,ttfb
4.42289999773493,standard,ttfb
4.411638998135459,standard,ttfb
51.26909099999466,standard,ttfb
4.962401002558181,standard,ttfb
5.012034001993015,standard,ttfb
4.308013001718791,standard,ttfb
5.460743999719853,standard,ttfb
4.385929998534266,standard,ttfb
6.267300999752479,standard,ttfb
67.07919100153958,standard,ttfb
5.0463189982110634,standard,ttfb
3.948181001760531,standard,ttfb
4.401179001433775,standard,ttfb
3.775774999667192,standard,ttfb
3.6774889995285776,standard,ttfb
3.053137999813771,standard,ttfb
3.8654349991702475,standard,ttfb
3.3918879998964258,standard,ttfb
3.3369949996995274,standard,ttfb
3.4815380022337195,standard,ttfb
3.6556680024659727,standard,ttfb
6.327423998300219,standard,ttfb
5.119327997817891,standard,ttfb
4.60692900014692,standard,ttfb
4.102152997802477,standard,ttfb
3.6413910020201,standard,ttfb
3.4383370002615266,standard,ttfb
3.4158740018028766,standard,ttfb
4.473054999834858,standard,ttfb
4.177344999334309,standard,ttfb
4.432567999174353,standard,ttfb
4.985344003216596,standard,ttfb
6.997120999585604,standard,ttfb
3.4579439998196904,standard,ttfb
3.76883200078737,standard,ttfb
4.143631998886121,standard,ttfb
3.315663998364471,standard,ttfb
3.5995920006826054,standard,ttfb
4.956700002367143,standard,ttfb
5.314295998687157,standard,ttfb
5.653357999108266,standard,ttfb
4.129605000343872,standard,ttfb
4.096441000001505,standard,ttfb
3.5569309984566644,standard,ttfb
3.4250220014655497,standard,ttfb
3.4471030012355186,standard,ttfb
5.2596430032281205,standard,ttfb
5.0081380031770095,standard,ttfb
5.587613999523455,standard,ttfb
4.543628998362692,standard,ttfb
24.888568997994298,standard,ttfb
3.6138989999017213,standard,ttfb
4.676428998209303,standard,ttfb
3.9589320003869943,standard,ttfb
3.842310998152243,standard,ttfb
3.29567700100597,standard,ttfb
3.6946619984519202,standard,ttfb
4.2853189988818485,standard,ttfb
4.1887369989126455,standard,ttfb
3.429210002650507,standard,ttfb
3.8277530002233107,standard,ttfb
3.5902939998777583,standard,ttfb
3.5322949988767505,standard,ttfb
3.5456000005069654,standard,ttfb
3.925096996681532,standard,ttfb
4.248029003065312,standard,ttfb
3.5315640016051475,standard,ttfb
3.285768001660472,standard,ttfb
3.6412709996511694,standard,ttfb
3.208401998563204,standard,ttfb
27.419669000664726,standard,ttfb
12.487371001043357,standard,ttfb
4.967039996699896,standard,ttfb
5.067909998615505,standard,ttfb
4.345915000158129,standard,ttfb
4.489647002628772,standard,ttfb
5.469350002385909,standard,ttfb
5.313986002875026,standard,ttfb
5.530586000531912,standard,ttfb
5.345606001355918,standard,ttfb
4.961730002833065,standard,ttfb
4.542726001091069,standard,ttfb
5.210411000007298,standard,ttfb
4.916894999041688,standard,ttfb
5.751985001552384,standard,ttfb
5.2985770016675815,standard,ttfb
27.297738997731358,standard,ttfb
5.798902999231359,standard,ttfb
6.270876998314634,standard,ttfb
5.471193002449581,standard,ttfb
5.878924999706214,standard,ttfb
5.242371000349522,standard,ttfb
5.563517999689793,standard,ttfb
4.981678001058754,standard,ttfb
4.0115509982570074,standard,ttfb
3.8553660015168134,standard,ttfb
5.103228002553806,standard,ttfb
3.8040189974708483,standard,ttfb
4.2003590024251025,standard,ttfb
3.9648730016779155,standard,ttfb
4.489906998060178,standard,ttfb
3.601065000111703,standard,ttfb
3.241533999243984,standard,ttfb
22.75254699998186,standard,ttfb
5.042182001488982,standard,ttfb
4.836291998799425,standard,ttfb
4.420815999765182,standard,ttfb
4.092384002433391,standard,ttfb
3.733375000592787,standard,ttfb
4.134163998969598,standard,ttfb
5.143373000464635,standard,ttfb
4.212993000692222,standard,ttfb
3.3346710006298963,standard,ttfb
3.192952000972582,standard,ttfb
3.4163050004281104,standard,ttfb
2.9448629975377116,standard,ttfb
3.4492470003897324,standard,ttfb
3.302850000181934,standard,ttfb
3.9157200008048676,standard,ttfb
3.633395997894695,standard,ttfb
23.120072000892833,standard,ttfb
4.291119999834336,standard,ttfb
4.099928999494296,standard,ttfb
3.7563379992207047,standard,ttfb
3.7149709969526157,standard,ttfb
3.7564189988188446,standard,ttfb
3.261923000536626,standard,ttfb
3.229210000426974,standard,ttfb
5.849649998708628,standard,ttfb
3.4268250019522384,standard,ttfb
3.7626809971698094,standard,ttfb
3.623677999712527,standard,ttfb
3.491016999760177,standard,ttfb
3.9082059993233997,standard,ttfb
3.7379929999588057,standard,ttfb
45.32207800002652,standard,ttfb
4.930731000058586,standard,ttfb
4.910081999696558,standard,ttfb
5.325909001840046,standard,ttfb
4.394577001221478,standard,ttfb
4.421177000040188,standard,ttfb
4.388534998724936,standard,ttfb
4.616736998286797,standard,ttfb
4.665638996812049,standard,ttfb
4.9184279996552505,standard,ttfb
5.265965999569744,standard,ttfb
5.275093000818742,standard,ttfb
5.229156002314994,standard,ttfb
4.134843999054283,standard,ttfb
3.8979460005066358,standard,ttfb
3.845358001854038,standard,ttfb
27.895831000932958,standard,ttfb
5.061417999968398,standard,ttfb
4.245093001372879,standard,ttfb
4.306839997298084,standard,ttfb
4.607488997862674,standard,ttfb
4.482822998397751,standard,ttfb
4.681389000324998,standard,ttfb
5.043113997089677,standard,ttfb
4.981938000128139,standard,ttfb
5.285040999297053,standard,ttfb
4.748596002173144,standard,ttfb
4.710184002760798,standard,ttfb
3.9926659992488567,standard,ttfb
3.9960620015335735,standard,ttfb
3.814137999142986,standard,ttfb
34.97841299758875,standard,ttfb
99.31161799977417,standard,ttfb
6.07719000254292,standard,ttfb
4.893429999356158,standard,ttfb
5.776922000222839,standard,ttfb
5.232251998677384,standard,ttfb
5.174743000679882,standard,ttfb
4.907145998004125,standard,ttfb
5.25961299717892,standard,ttfb
5.343402001017239,standard,ttfb
5.661032999341842,standard,ttfb
4.854186001466587,standard,ttfb
4.960718000802444,standard,ttfb
4.560530000162544,standard,ttfb
4.555501000140794,standard,ttfb
4.402742000820581,standard,ttfb
26.94603299823939,standard,ttfb
5.782532000011997,standard,ttfb
5.644471999403322,standard,ttfb
4.670968999562319,standard,ttfb
5.544022002140991,standard,ttfb
5.451577002531849,standard,ttfb
5.969956997432746,standard,ttfb
4.514642998401541,standard,ttfb
3.8664559979224578,standard,ttfb
3.8928869980736636,standard,ttfb
3.767039001104422,standard,ttfb
4.055033001350239,standard,ttfb
3.4793240010912996,standard,ttfb
3.4171660008723848,standard,ttfb
5.497864000062691,standard,ttfb
3.4721299998636823,standard,ttfb
29.130277001968352,standard,ttfb
4.921975003526313,standard,ttfb
5.465963000460761,standard,ttfb
4.387832999782404,standard,ttfb
4.590067001117859,standard,ttfb
4.026809998322278,standard,ttfb
4.012782999780029,standard,ttfb
3.655618002085248,standard,ttfb
3.8883779998286627,standard,ttfb
3.848332999041304,standard,ttfb
3.921772000467172,standard,ttfb
3.301898999779951,standard,ttfb
5.221511000854662,standard,ttfb
3.3046530006686226,standard,ttfb
3.1591490005666856,standard,ttfb
3.0987939971964806,standard,ttfb
2.9972909978823736,standard,ttfb
3.0206960000214167,standard,ttfb
2.788847999909194,standard,ttfb
2.8606829982891213,standard,ttfb
2.814515999489231,standard,ttfb
2.975800998683553,standard,ttfb
3.042798001843039,standard,ttfb
3.036546000657836,standard,ttfb
2.9572259991255123,standard,ttfb
3.299594001873629,standard,ttfb
3.3128299983218312,standard,ttfb
3.340972998557845,standard,ttfb
3.2849470007931814,standard,ttfb
3.2563720014877617,standard,ttfb
5.4218599980231375,standard,ttfb
3.3167069996125065,standard,ttfb
3.084787000261713,standard,ttfb
3.0891770002199337,standard,ttfb
2.7971029994660057,standard,ttfb
2.8955289999430533,standard,ttfb
3.6135779992036987,standard,ttfb
4.07829799951287,standard,ttfb
4.500347000430338,standard,ttfb
5.836003998410888,standard,ttfb
4.9836710022646,standard,ttfb
4.125015999306925,standard,ttfb
4.363527001260081,standard,ttfb
3.6728310005855747,standard,ttfb
3.9649540012760554,standard,ttfb
4.206891000649193,standard,ttfb
41.49193900229875,standard,ttfb
4.986005002137972,standard,ttfb
5.7868709991453215,standard,ttfb
4.90048299980117,standard,ttfb
5.039887000748422,standard,ttfb
4.656892997445539,standard,ttfb
4.939215999911539,standard,ttfb
4.033944002003409,standard,ttfb
52.3456390001229,standard,ttfb
5.106233002152294,standard,ttfb
5.490480001753895,standard,ttfb
5.434915998193901,standard,ttfb
5.341186999430647,standard,ttfb
5.364001000998542,standard,ttfb
5.136711002705852,standard,ttfb
5.00283700239379,standard,ttfb
5.606560000160243,standard,ttfb
4.947421999531798,standard,ttfb
5.277406999084633,standard,ttfb
4.60212899997714,standard,ttfb
5.0348379991191905,standard,ttfb
5.204258999583544,standard,ttfb
5.5661029982729815,standard,ttfb
24.693019997357624,standard,ttfb
5.202735999773722,standard,ttfb
5.0159220008936245,standard,ttfb
4.716464998637093,standard,ttfb
4.005450002296129,standard,ttfb
3.6753150016011205,standard,ttfb
3.7631209997925907,standard,ttfb
4.104337000171654,standard,ttfb
4.17202499738778,standard,ttfb
3.522745999362087,standard,ttfb
3.653453000879381,standard,ttfb
4.148309999436606,standard,ttfb
3.8615369994658977,standard,ttfb
3.771567000512732,standard,ttfb
4.082716000993969,standard,ttfb
3.9860329998191446,standard,ttfb
4.110257999855094,standard,ttfb
3.489143000479089,standard,ttfb
3.657952998764813,standard,ttfb
3.743053999642143,standard,ttfb
34.17029400225147,standard,ttfb
6.252622999454616,standard,ttfb
5.358630998671288,standard,ttfb
4.797297999175498,standard,ttfb
4.9384049998479895,standard,ttfb
4.887178001808934,standard,ttfb
5.025018999731401,standard,ttfb
5.0792920010280795,standard,ttfb
5.628692000755109,standard,ttfb
4.806517001270549,standard,ttfb
4.427789001056226,standard,ttfb
4.412108999531483,standard,ttfb
5.11361700046109,standard,ttfb
4.795774999365676,standard,ttfb
4.622787997504929,standard,ttfb
4.171304000919918,standard,ttfb
4.403302002174314,standard,ttfb
18.960862002131762,standard,ttfb
4.971778998879017,standard,ttfb
4.9541150001459755,standard,ttfb
4.794102998857852,standard,ttfb
4.969533998519182,standard,ttfb
5.013336998672457,standard,ttfb
5.76648300193483,standard,ttfb
5.248400997516001,standard,ttfb
5.341608997696312,standard,ttfb
5.243572999461321,standard,ttfb
5.64416099950904,standard,ttfb
4.2935150013363454,standard,ttfb
4.9424129974795505,standard,ttfb
5.162248999113217,standard,ttfb
3.8620289997197688,standard,ttfb
3.333728996949503,standard,ttfb
4.031579002912622,standard,ttfb
20.406257001013728,standard,ttfb
4.54863800041494,standard,ttfb
4.9426140030846,standard,ttfb
4.536114000075031,standard,ttfb
4.25080399872968,standard,ttfb
4.31453500277712,standard,ttfb
4.225906999636209,standard,ttfb
4.581500001222594,standard,ttfb
4.986415999155724,standard,ttfb
5.103608000354143,standard,ttfb
6.8390320011531,standard,ttfb
4.595916998368921,standard,ttfb
4.068388996529393,standard,ttfb
3.493571002763929,standard,ttfb
3.8450359970738646,standard,ttfb
3.469205003057141,standard,ttfb
31.27172899985453,standard,ttfb
5.246818000159692,standard,ttfb
5.398166002123617,standard,ttfb
5.006023002351867,standard,ttfb
5.271726000501076,standard,ttfb
4.602299999532988,standard,ttfb
4.995534000045154,standard,ttfb
4.883081001025857,standard,ttfb
4.175162001047283,standard,ttfb
4.280048997316044,standard,ttfb
4.168769002717454,standard,ttfb
4.234883999743033,standard,ttfb
4.635420998965856,standard,ttfb
4.120598001463804,standard,ttfb
4.480799001612468,standard,ttfb
4.76379500105395,standard,ttfb
4.906906000542222,standard,ttfb
5.042212000262225,standard,ttfb
5.227473000559257,standard,ttfb
12.213873000291642,standard,ttfb
4.882639997958904,standard,ttfb
4.782239000633126,standard,ttfb
4.850539000472054,standard,ttfb
5.6093759994837455,standard,ttfb
5.267297001410043,standard,ttfb
3.999708998890128,standard,ttfb
4.3406849981693085,standard,ttfb
4.6898750006221235,standard,ttfb
3.5643860028358176,standard,ttfb
5.143193000549218,standard,ttfb
4.279267999663716,standard,ttfb
4.760519001138164,standard,ttfb
3.938163001294015,standard,ttfb
38.38969900243683,standard,ttfb
5.361556002753787,standard,ttfb
4.9146909987030085,standard,ttfb
4.915572000754764,standard,ttfb
5.0312919993302785,standard,ttfb
5.043553999712458,standard,ttfb
5.161827997653745,standard,ttfb
5.007857002055971,standard,ttfb
5.1573499986261595,standard,ttfb
5.098218000057386,standard,ttfb
4.050524999911431,standard,ttfb
4.734971000289079,standard,ttfb
4.406199001095956,standard,ttfb
4.756922000524355,standard,ttfb
5.065736000688048,standard,ttfb
4.759567000292009,standard,ttfb
5.352087999199284,standard,ttfb
4.935709999699611,standard,ttfb
4.372455001430353,standard,ttfb
4.021320000902051,standard,ttfb
3.911051000613952,standard,ttfb
3.5721800013561733,standard,ttfb
3.861137000058079,standard,ttfb
3.891794000082882,premium,ttfb
3.6861059998045675,premium,ttfb
4.479147002712125,premium,ttfb
4.922875999909593,premium,ttfb
5.452348999824608,premium,ttfb
5.990526999084977,premium,ttfb
5.723381000279915,premium,ttfb
5.513043000973994,premium,ttfb
4.312540997489123,premium,ttfb
4.48702099674847,premium,ttfb
4.800926002644701,premium,ttfb
4.702499001723481,premium,ttfb
4.328001003159443,premium,ttfb
4.2865010000241455,premium,ttfb
4.555510000500362,premium,ttfb
3.966647000197554,premium,ttfb
3.0810999996901955,premium,ttfb
3.4116159986297134,premium,ttfb
3.327817998069804,premium,ttfb
3.473051998298615,premium,ttfb
3.2085419989016373,premium,ttfb
3.297691000625491,premium,ttfb
3.6510589998215437,premium,ttfb
3.2371659981436096,premium,ttfb
4.328722003265284,premium,ttfb
3.630691000580555,premium,ttfb
3.4955350020027254,premium,ttfb
3.53731399809476,premium,ttfb
3.942620998714119,premium,ttfb
3.61036300091655,premium,ttfb
4.101532002096064,premium,ttfb
3.2951249995676335,premium,ttfb
3.445149999606656,premium,ttfb
3.5495369993441273,premium,ttfb
4.171304000919918,premium,ttfb
3.921771000023,premium,ttfb
3.379675999894971,premium,ttfb
3.5252410016255453,premium,ttfb
3.69698600115953,premium,ttfb
4.638769001758192,premium,ttfb
3.7126759998500347,premium,ttfb
5.3602640000463,premium,ttfb
3.6336459997983184,premium,ttfb
4.151727000134997,premium,ttfb
4.95637900166912,premium,ttfb
4.159702002652921,premium,ttfb
3.905069999746047,premium,ttfb
4.616075002559228,premium,ttfb
5.274430997815216,premium,ttfb
6.398388002708089,premium,ttfb
4.2409349989611655,premium,ttfb
2.8132740008004475,premium,ttfb
4.166495000390569,premium,ttfb
5.545945001358632,premium,ttfb
5.075534998468356,premium,ttfb
4.007633997389348,premium,ttfb
3.450449999945704,premium,ttfb
4.049514001962962,premium,ttfb
3.7197800011199433,premium,ttfb
3.258926997659728,premium,ttfb
3.602237000450259,premium,ttfb
4.134383998461999,premium,ttfb
3.498951999063138,premium,ttfb
4.2259169968019705,premium,ttfb
4.912776999844937,premium,ttfb
3.7718679996032733,premium,ttfb
3.392529997654492,premium,ttfb
3.3050749989342876,premium,ttfb
3.6788019970117602,premium,ttfb
3.6147299979347736,premium,ttfb
3.8526909993379377,premium,ttfb
3.814628998952685,premium,ttfb
3.250951998779783,premium,ttfb
3.544586998032173,premium,ttfb
3.575786999135744,premium,ttfb
4.060693998326315,premium,ttfb
3.782207000767812,premium,ttfb
4.173337001702748,premium,ttfb
3.836200001387624,premium,ttfb
3.6136989983788226,premium,ttfb
4.16292700174381,premium,ttfb
4.558716998872114,premium,ttfb
4.0928359994723,premium,ttfb
3.802575000008801,premium,ttfb
3.9152190001914278,premium,ttfb
4.029455998534104,premium,ttfb
4.133742000703933,premium,ttfb
3.9856619987403974,premium,ttfb
4.041729000164196,premium,ttfb
3.7385750001703855,premium,ttfb
4.715032999229152,premium,ttfb
3.2931019995885435,premium,ttfb
2.7930359974561725,premium,ttfb
2.869810999982292,premium,ttfb
2.7269999991403893,premium,ttfb
2.875602000131039,premium,ttfb
3.58085699917865,premium,ttfb
3.5060339978372212,premium,ttfb
3.6339370017230976,premium,ttfb
3.2720520030125044,premium,ttfb
3.8676799995300826,premium,ttfb
4.951961000188021,premium,ttfb
3.5279860021546483,premium,ttfb
4.062388001329964,premium,ttfb
4.091261998837581,premium,ttfb
3.82953699954669,premium,ttfb
3.9384030023938976,premium,ttfb
3.3132700009446125,premium,ttfb
3.286029001174029,premium,ttfb
3.062736002902966,premium,ttfb
3.23295799898915,premium,ttfb
3.1328489967563655,premium,ttfb
3.1458330013265368,premium,ttfb
3.5410609998507425,premium,ttfb
3.4577029982756358,premium,ttfb
3.661458998976741,premium,ttfb
3.4980800010089297,premium,ttfb
4.5331990004342515,premium,ttfb
4.102032999071525,premium,ttfb
3.573412999685388,premium,ttfb
3.5565010002756026,premium,ttfb
3.298040999652585,premium,ttfb
4.343699998571537,premium,ttfb
3.9005819999147207,premium,ttfb
3.925810000509955,premium,ttfb
3.9349159997073,premium,ttfb
3.763651999179274,premium,ttfb
3.7563490004686173,premium,ttfb
4.020808999484871,premium,ttfb
3.7935990003461484,premium,ttfb
4.018103998532752,premium,ttfb
3.979690998676233,premium,ttfb
3.8550950011995155,premium,ttfb
4.272005000530044,premium,ttfb
3.957920001994353,premium,ttfb
4.083627001818968,premium,ttfb
3.4537760002422146,premium,ttfb
3.8814459985587746,premium,ttfb
3.5944320006819908,premium,ttfb
4.642124997189967,premium,ttfb
5.092717001389246,premium,ttfb
4.425915001775138,premium,ttfb
4.536544998700265,premium,ttfb
4.339642997365445,premium,ttfb
3.921190000255592,premium,ttfb
3.4715799993136898,premium,ttfb
3.3605900025577284,premium,ttfb
3.5074680017714854,premium,ttfb
4.1412170030525886,premium,ttfb
3.671107999252854,premium,ttfb
3.9088580015231855,premium,ttfb
3.7525309999182355,premium,ttfb
4.488675000175135,premium,ttfb
3.7175249999563675,premium,ttfb
3.298953000921756,premium,ttfb
3.7113930011400953,premium,ttfb
3.485295001155464,premium,ttfb
3.6519909990602173,premium,ttfb
3.2104450001497753,premium,ttfb
3.484304001176497,premium,ttfb
3.7688020020141266,premium,ttfb
4.187464001006447,premium,ttfb
3.7710260003223084,premium,ttfb
5.173079000087455,premium,ttfb
3.8792409977759235,premium,ttfb
3.991814999608323,premium,ttfb
4.085091000888497,premium,ttfb
4.388765002659056,premium,ttfb
3.1058770000527147,premium,ttfb
3.339520000736229,premium,ttfb
3.1907289994705934,premium,ttfb
3.2286700006807223,premium,ttfb
3.55256299735629,premium,ttfb
3.090879999945173,premium,ttfb
3.222016999643529,premium,ttfb
3.124593000393361,premium,ttfb
3.414712002268061,premium,ttfb
3.221817001758609,premium,ttfb
3.484152999590151,premium,ttfb
2.9801389973727055,premium,ttfb
3.7795930002175737,premium,ttfb
3.1879130001470912,premium,ttfb
3.564415001164889,premium,ttfb
3.141105000395328,premium,ttfb
3.5504789993865415,premium,ttfb
3.637172998423921,premium,ttfb
3.1899970017548185,premium,ttfb
3.2346010011679027,premium,ttfb
4.171413998847129,premium,ttfb
3.740307998668868,premium,ttfb
3.705081999214599,premium,ttfb
3.8553970007342286,premium,ttfb
3.7914650019956753,premium,ttfb
3.475236000667792,premium,ttfb
4.984251998394029,premium,ttfb
5.116882999573136,premium,ttfb
4.8779700009617954,premium,ttfb
4.094348001672188,premium,ttfb
3.2167280005523935,premium,ttfb
2.970581001136452,premium,ttfb
3.2615019990771543,premium,ttfb
2.971193000121275,premium,ttfb
3.6314720018708613,premium,ttfb
3.192760999809252,premium,ttfb
3.276119998190552,premium,ttfb
3.073766998568317,premium,ttfb
6.306984996626852,premium,ttfb
5.596901999524562,premium,ttfb
4.017211998871062,premium,ttfb
3.8018750019546133,premium,ttfb
3.5740040002565365,premium,ttfb
2.9980840008647647,premium,ttfb
3.419439999561291,premium,ttfb
3.1644880000385456,premium,ttfb
3.846768999210326,premium,ttfb
4.06024400217575,premium,ttfb
3.1233099980454426,premium,ttfb
3.5149420000379905,premium,ttfb
3.083756000705762,premium,ttfb
3.15619300090475,premium,ttfb
2.9214579990366474,premium,ttfb
3.2645879982737824,premium,ttfb
3.315424000902567,premium,ttfb
3.943873001844622,premium,ttfb
3.523006998875644,premium,ttfb
2.928761998191476,premium,ttfb
3.6929580019204877,premium,ttfb
3.555489001882961,premium,ttfb
3.5073180006293114,premium,ttfb
3.4385270009806845,premium,ttfb
3.192490999936126,premium,ttfb
3.4864570006902795,premium,ttfb
3.6008839997521136,premium,ttfb
3.7324330005503725,premium,ttfb
3.398100998310838,premium,ttfb
3.2416340000054333,premium,ttfb
3.784873002587119,premium,ttfb
3.6569709991454147,premium,ttfb
3.6094210008741356,premium,ttfb
4.238481000356842,premium,ttfb
3.360658996825805,premium,ttfb
3.598578998207813,premium,ttfb
3.7930580001557246,premium,ttfb
3.5678720014402643,premium,ttfb
3.3875510016514454,premium,ttfb
2.9169499975978397,premium,ttfb
3.4398589996271767,premium,ttfb
3.2994339999277145,premium,ttfb
3.2670719992893282,premium,ttfb
3.2927610009210184,premium,ttfb
3.5724099980143365,premium,ttfb
5.002295998565387,premium,ttfb
4.79659699703916,premium,ttfb
5.184461002500029,premium,ttfb
4.902897999272682,premium,ttfb
3.915710000001127,premium,ttfb
3.5459410028124694,premium,ttfb
3.701033998368075,premium,ttfb
3.612155000155326,premium,ttfb
3.8307289978547487,premium,ttfb
4.693793001933955,premium,ttfb
4.3899070005863905,premium,ttfb
4.44487200002186,premium,ttfb
4.33669699850725,premium,ttfb
3.5437759979686234,premium,ttfb
3.5722899992833845,premium,ttfb
3.5552890003600623,premium,ttfb
3.2637770018482115,premium,ttfb
3.5622510004031938,premium,ttfb
3.4805870018317364,premium,ttfb
3.5724410008697305,premium,ttfb
3.4927800006698817,premium,ttfb
4.095230000530137,premium,ttfb
3.397971002414124,premium,ttfb
3.1962390021362808,premium,ttfb
3.4469630008970853,premium,ttfb
4.411057998368051,premium,ttfb
4.356894998636562,premium,ttfb
4.905221998342313,premium,ttfb
4.833176000829553,premium,ttfb
5.13407600010396,premium,ttfb
5.501711999386316,premium,ttfb
4.386311000416754,premium,ttfb
3.3085609975387342,premium,ttfb
3.5101430003123824,premium,ttfb
3.305975998955546,premium,ttfb
3.0933340021874756,premium,ttfb
3.301176999229938,premium,ttfb
3.2616829994367436,premium,ttfb
3.378764002263779,premium,ttfb
3.271771998697659,premium,ttfb
3.5811360030493233,premium,ttfb
4.081803999724798,premium,ttfb
3.272483001637738,premium,ttfb
2.8458350025175605,premium,ttfb
2.9314370003703516,premium,ttfb
2.9501930002879817,premium,ttfb
3.0365259990503546,premium,ttfb
3.025566002179403,premium,ttfb
2.8826250018028077,premium,ttfb
3.1101560016395524,premium,ttfb
3.109795001364546,premium,ttfb
3.4208840006613173,premium,ttfb
3.63033999747131,premium,ttfb
3.4563009976409376,premium,ttfb
3.3493179980723653,premium,ttfb
2.9256870002427604,premium,ttfb
3.4331969982304145,premium,ttfb
3.4706679980445188,premium,ttfb
3.0338110009324737,premium,ttfb
3.073406001931289,premium,ttfb
2.9652709999936633,premium,ttfb
3.0723640011274256,premium,ttfb
3.131837002001703,premium,ttfb
3.8121239995234646,premium,ttfb
3.2267669994325843,premium,ttfb
3.2322869992640335,premium,ttfb
3.244741001253715,premium,ttfb
3.470036001090193,premium,ttfb
3.9535519972559996,premium,ttfb
4.838987002585782,premium,ttfb
4.700034001871245,premium,ttfb
4.23794999733218,premium,ttfb
4.394776999106398,premium,ttfb
4.039924999233335,premium,ttfb
3.279886997916037,premium,ttfb
4.0421600024274085,premium,ttfb
4.008255000371719,premium,ttfb
3.9449950018024538,premium,ttfb
4.055285000504227,premium,ttfb
3.3467130015196744,premium,ttfb
3.2617120014037937,premium,ttfb
3.0881950006005354,premium,ttfb
3.0486889991152566,premium,ttfb
2.9435399992507882,premium,ttfb
3.3219659999303985,premium,ttfb
4.818499000975862,premium,ttfb
3.4749059996102005,premium,ttfb
4.884273002971895,premium,ttfb
4.1184940018865746,premium,ttfb
3.388442000868963,premium,ttfb
3.7943200004519895,premium,ttfb
4.372104001959087,premium,ttfb
4.295237999031087,premium,ttfb
3.6972859998058993,premium,ttfb
4.117933000088669,premium,ttfb
3.1647590003558435,premium,ttfb
4.065592998813372,premium,ttfb
5.04518700108747,premium,ttfb
4.512278999754926,premium,ttfb
3.088674999162322,premium,ttfb
3.774132001126418,premium,ttfb
3.8015940008335747,premium,ttfb
3.556640000169864,premium,ttfb
3.280617002019426,premium,ttfb
3.938043002563063,premium,ttfb
3.685554998810403,premium,ttfb
3.1483379971177783,premium,ttfb
3.287400999397505,premium,ttfb
3.119434000836918,premium,ttfb
3.5660389985423535,premium,ttfb
4.000940996775171,premium,ttfb
3.411626003071433,premium,ttfb
3.352454001287697,premium,ttfb
4.109476998564787,premium,ttfb
4.268517001037253,premium,ttfb
8.362515996850561,premium,ttfb
4.71342899982119,premium,ttfb
4.270240999176167,premium,ttfb
5.803903000924038,premium,ttfb
5.56155499725719,premium,ttfb
4.810504000488436,premium,ttfb
4.118071999982931,premium,ttfb
4.298004001611844,premium,ttfb
4.356284000095911,premium,ttfb
4.867231000389438,premium,ttfb
4.300107000744902,premium,ttfb
7.153357000788674,premium,ttfb
5.138723998243222,premium,ttfb
4.465711001103045,premium,ttfb
4.057206999277696,premium,ttfb
3.698749002069235,premium,ttfb
3.1212460016831756,premium,ttfb
3.531463000399526,premium,ttfb
4.1557939985068515,premium,ttfb
4.054854001878994,premium,ttfb
4.146155999478651,premium,ttfb
3.830289002507925,premium,ttfb
3.6066350003238767,premium,ttfb
3.427234998525819,premium,ttfb
3.101328999036923,premium,ttfb
3.388060998986475,premium,ttfb
3.7152309996599797,premium,ttfb
3.2858880003914237,premium,ttfb
3.901372998370789,premium,ttfb
2.9672450000362005,premium,ttfb
3.4859769984905142,premium,ttfb
3.0308149980555754,premium,ttfb
3.6720489988510963,premium,ttfb
3.8117439980851486,premium,ttfb
3.1784450002305675,premium,ttfb
3.3411519980290905,premium,ttfb
2.8344740021566395,premium,ttfb
3.3510719986225013,premium,ttfb
3.141665001749061,premium,ttfb
3.3688260009512305,premium,ttfb
3.1215669987432193,premium,ttfb
3.352304000145523,premium,ttfb
3.791625000303611,premium,ttfb
3.0011390008439776,premium,ttfb
3.3500999998068437,premium,ttfb
3.4460710012353957,premium,ttfb
3.22914099888294,premium,ttfb
2.9281009992701,premium,ttfb
2.9521169999497943,premium,ttfb
2.829615001246566,premium,ttfb
2.8827950009144843,premium,ttfb
2.759912000328768,premium,ttfb
2.9838359987479635,premium,ttfb
4.641974999685772,premium,ttfb
3.2724929988035,premium,ttfb
3.4163349992013536,premium,ttfb
3.089426001679385,premium,ttfb
3.601324999181088,premium,ttfb
3.7381130023277365,premium,ttfb
3.1902379996608943,premium,ttfb
2.849142001650762,premium,ttfb
3.0107569982646964,premium,ttfb
3.368844998476561,premium,ttfb
3.1865710006968584,premium,ttfb
3.11494500056142,premium,ttfb
3.9230440015671775,premium,ttfb
3.627183999924455,premium,ttfb
3.39763000010862,premium,ttfb
3.9256390009541065,premium,ttfb
4.425033999723382,premium,ttfb
3.5117459992761724,premium,ttfb
4.059162001794903,premium,ttfb
4.12396399769932,premium,ttfb
4.041037998831598,premium,ttfb
3.716412997164298,premium,ttfb
3.4171059996879194,premium,ttfb
3.3183500017912593,premium,ttfb
3.393892002350185,premium,ttfb
3.27431600089767,premium,ttfb
3.8799930007371586,premium,ttfb
4.1551430003892165,premium,ttfb
4.4941539999854285,premium,ttfb
3.397640000912361,premium,ttfb
3.985711999121122,premium,ttfb
3.829717999906279,premium,ttfb
3.475265999441035,premium,ttfb
4.105369000171777,premium,ttfb
3.8885389985807706,premium,ttfb
3.700122000736883,premium,ttfb
3.7071160004416015,premium,ttfb
3.3209350003744476,premium,ttfb
3.6275050006224774,premium,ttfb
4.163559002336115,premium,ttfb
6.218868998985272,premium,ttfb
5.329053998138988,premium,ttfb
4.861770998104475,premium,ttfb
4.159711999818683,premium,ttfb
4.452144999959273,premium,ttfb
4.590366999764228,premium,ttfb
5.3400649994728155,premium,ttfb
5.356456000299659,premium,ttfb
4.197162998025306,premium,ttfb
3.2338199998775963,premium,ttfb
3.6180870010866784,premium,ttfb
3.934615997422952,premium,ttfb
2.9493610018107574,premium,ttfb
3.7240870005916804,premium,ttfb
3.3617020017118193,premium,ttfb
3.439498999796342,premium,ttfb
3.3564409968676046,premium,ttfb
3.3042830000340473,premium,ttfb
4.09034100084682,premium,ttfb
3.6101619989494793,premium,ttfb
3.2198830012930557,premium,ttfb
3.032308002730133,premium,ttfb
3.448315001151059,premium,ttfb
3.33072200010065,premium,ttfb
3.2935629969870206,premium,ttfb
3.5475929980748333,premium,ttfb
2.9759019998891745,premium,ttfb
3.5597159985627513,premium,ttfb
2.833382000972051,premium,ttfb
3.4633239993127063,premium,ttfb
3.988607997598592,premium,ttfb
4.116360003536101,premium,ttfb
3.6320029976195656,premium,ttfb
3.858091000438435,premium,ttfb
3.3438079990446568,premium,ttfb
3.8379029974748846,premium,ttfb
3.8040489998820703,premium,ttfb
4.2542010014585685,premium,ttfb
3.8941799975873437,premium,ttfb
5.737667997891549,premium,ttfb
5.745722999563441,premium,ttfb
4.8051429985207506,premium,ttfb
4.519632999290479,premium,ttfb
4.182915999990655,premium,ttfb
3.8797320012236014,premium,ttfb
3.6605569985113107,premium,ttfb
3.908687001967337,premium,ttfb
4.911254000035115,premium,ttfb
4.805123000551248,premium,ttfb
5.300299999362323,premium,ttfb
4.745360001834342,premium,ttfb
3.669965000881348,premium,ttfb
3.1197739990602713,premium,ttfb
3.564835998986382,premium,ttfb
3.0330490008054767,premium,ttfb
3.552022000803845,premium,ttfb
3.2048249995568767,premium,ttfb
3.6683819998870604,premium,ttfb
3.3945930008485448,premium,ttfb
3.774163000343833,premium,ttfb
3.901443997165188,premium,ttfb
3.819457000645343,premium,ttfb
4.247507997206412,premium,ttfb
3.6958640012016986,premium,ttfb
3.952849998313468,premium,ttfb
3.674924999359064,premium,ttfb
3.5314030028530397,premium,ttfb
3.4517920030339155,premium,ttfb
3.907353999238694,premium,ttfb
3.681547001178842,premium,ttfb
3.918676000466803,premium,ttfb
3.9200079991132952,premium,ttfb
4.178538001724519,premium,ttfb
3.9274629998544697,premium,ttfb
3.1493800015596207,premium,ttfb
3.2274879995384254,premium,ttfb
3.6009739997098222,premium,ttfb
3.903698001522571,premium,ttfb
3.3093929996539373,premium,ttfb
3.269937998993555,premium,ttfb
4.544691000774037,premium,ttfb
5.4217399992921855,premium,ttfb
3.8214319974940736,premium,ttfb
4.15306899958523,premium,ttfb
3.901934000168694,premium,ttfb
3.2916889977059327,premium,ttfb
3.18106999839074,premium,ttfb
4.056326000863919,premium,ttfb
3.544476996466983,premium,ttfb
3.468474002147559,premium,ttfb
3.622936001193011,premium,ttfb
3.410984998481581,premium,ttfb
3.5719900006370153,premium,ttfb
4.412420999869937,premium,ttfb
4.458346997125773,premium,ttfb
4.227339999488322,premium,ttfb
3.7704850001318846,premium,ttfb
3.6353089999465737,premium,ttfb
3.9348669997707475,premium,ttfb
3.2670930013409816,premium,ttfb
3.7016349997429643,premium,ttfb
3.736942002433352,premium,ttfb
3.958531000535004,premium,ttfb
3.8416399984271266,premium,ttfb
3.790824001043802,premium,ttfb
3.609210001741303,premium,ttfb
4.228092002449557,premium,ttfb
5.279961002088385,premium,ttfb
4.608440998708829,premium,ttfb
4.733017001854023,premium,ttfb
5.284110000502551,premium,ttfb
5.055055997218005,premium,ttfb
4.885745998763014,premium,ttfb
4.936371999065159,premium,ttfb
4.648617003113031,premium,ttfb
4.543478000414325,premium,ttfb
3.6018469982082024,premium,ttfb
3.5971469987998717,premium,ttfb
4.728537998744287,premium,ttfb
4.043271001137327,premium,ttfb
3.9901909985928796,premium,ttfb
4.31793200186803,premium,ttfb
3.675063999253325,premium,ttfb
3.7555169983534142,premium,ttfb
3.5368230019230396,premium,ttfb
3.1095049998839386,premium,ttfb
3.433507001318503,premium,ttfb
3.356111003085971,premium,ttfb
3.811582999333041,premium,ttfb
3.7919259993941523,premium,ttfb
3.6985389997425955,premium,ttfb
3.681086000142386,premium,ttfb
3.8035479992686305,premium,ttfb
3.41529299839749,premium,ttfb
3.7936289991193917,premium,ttfb
3.212177998648258,premium,ttfb
3.3319060021312907,premium,ttfb
4.08183400213602,premium,ttfb
4.4076409976696596,premium,ttfb
4.967360997397918,premium,ttfb
3.9842900005169213,premium,ttfb
4.039275001559872,premium,ttfb
3.9156800012278836,premium,ttfb
3.579544001695467,premium,ttfb
3.408890999708092,premium,ttfb
3.6288770024839323,premium,ttfb
3.370037000422599,premium,ttfb
3.627705002145376,premium,ttfb
3.423940001084702,premium,ttfb
3.273173999332357,premium,ttfb
3.346232999319909,premium,ttfb
3.5954330014646985,premium,ttfb
3.475868001260096,premium,ttfb
3.4335380005359184,premium,ttfb
3.4125580023101065,premium,ttfb
3.9613369990547653,premium,ttfb
3.359847996762255,premium,ttfb
4.098725999938324,premium,ttfb
3.578492000087863,premium,ttfb
4.40977500329609,premium,ttfb
3.2315259995812085,premium,ttfb
3.3317250017717015,premium,ttfb
3.8801130031060893,premium,ttfb
4.96165999720688,premium,ttfb
5.571732999669621,premium,ttfb
6.206636000570143,premium,ttfb
5.506391000380972,premium,ttfb
4.529091002041241,premium,ttfb
4.53289800134371,premium,ttfb
4.2800589981197845,premium,ttfb
4.387042001326336,premium,ttfb
4.585147002217127,premium,ttfb
4.339291997894179,premium,ttfb
4.603020999638829,premium,ttfb
4.491939998843009,premium,ttfb
4.85679199846345,premium,ttfb
4.370511000161059,premium,ttfb
5.194910001591779,premium,ttfb
4.48772299932898,premium,ttfb
4.842193000513362,premium,ttfb
4.40936399900238,premium,ttfb
3.9112720005505253,premium,ttfb
3.2985120014927816,premium,ttfb
4.363896998256678,premium,ttfb
4.6001150003576186,premium,ttfb
3.599301999201998,premium,ttfb
4.704644001321867,premium,ttfb
3.8266919982561376,premium,ttfb
3.1899159985187,premium,ttfb
3.595253001549281,premium,ttfb
3.2363540012738667,premium,ttfb
3.6012659984407946,premium,ttfb
3.50631499895826,premium,ttfb
5.360443999961717,premium,ttfb
4.644038999686018,premium,ttfb
4.38489700172795,premium,ttfb
4.316949998610653,premium,ttfb
5.154313999810256,premium,ttfb
4.818277000595117,premium,ttfb
3.955025000323076,premium,ttfb
3.8981469988357276,premium,ttfb
3.9623179982299916,premium,ttfb
4.058070000610314,premium,ttfb
3.813866998825688,premium,ttfb
4.623048000212293,premium,ttfb
3.6080480022064876,premium,ttfb
3.7630619990522973,premium,ttfb
3.5246599982201587,premium,ttfb
3.6088900014874525,premium,ttfb
4.623019001883222,premium,ttfb
4.015878999780398,premium,ttfb
3.9407080003002193,premium,ttfb
4.053671000292525,premium,ttfb
3.7789509988215286,premium,ttfb
4.214966997096781,premium,ttfb
3.3616220025578514,premium,ttfb
3.6200710019329563,premium,ttfb
3.5722100001294166,premium,ttfb
3.8615779994870536,premium,ttfb
3.512455998134101,premium,ttfb
3.0434699983743485,premium,ttfb
3.3556400012457743,premium,ttfb
3.7400680012069643,premium,ttfb
3.701073997945059,premium,ttfb
3.8084170009824447,premium,ttfb
4.157358001975808,premium,ttfb
3.8807640012237243,premium,ttfb
3.521894999721553,premium,ttfb
3.329030001623323,premium,ttfb
3.439929998421576,premium,ttfb
3.3251429995289072,premium,ttfb
4.121850000956329,premium,ttfb
3.8465899997390807,premium,ttfb
3.446791997703258,premium,ttfb
3.048900001886068,premium,ttfb
3.7217530007183086,premium,ttfb
3.405343999475008,premium,ttfb
3.7848319989279844,premium,ttfb
4.389547000755556,premium,ttfb
4.858303000219166,premium,ttfb
4.961458998877788,premium,ttfb
5.116993001138326,premium,ttfb
4.765809000673471,premium,ttfb
5.866200997843407,premium,ttfb
4.459728999790968,premium,ttfb
4.636043999198591,premium,ttfb
3.770475999772316,premium,ttfb
3.8958620025368873,premium,ttfb
4.975906002073316,premium,ttfb
4.516446999332402,premium,ttfb
5.5138639982033055,premium,ttfb
4.27517099888064,premium,ttfb
4.218824000417953,premium,ttfb
3.4595370016177185,premium,ttfb
4.7870689995761495,premium,ttfb
3.5364420000405516,premium,ttfb
2.835747000062838,premium,ttfb
3.4484460011299234,premium,ttfb
2.988696000102209,premium,ttfb
3.2139120012288913,premium,ttfb
3.149330001178896,premium,ttfb
3.2859389975783415,premium,ttfb
3.1849580009293277,premium,ttfb
3.0212369965738617,premium,ttfb
3.1963590008672327,premium,ttfb
3.165721002005739,premium,ttfb
4.068840000400087,premium,ttfb
5.399919002229581,premium,ttfb
3.802606002864195,premium,ttfb
4.160472999501508,premium,ttfb
3.7927470002614427,premium,ttfb
3.935496999474708,premium,ttfb
3.885893002006924,premium,ttfb
4.00766399980057,premium,ttfb
3.3684249974612612,premium,ttfb
3.9217110024765134,premium,ttfb
3.5349690006114542,premium,ttfb
4.114896997634787,premium,ttfb
3.3576639980310574,premium,ttfb
3.280246997746872,premium,ttfb
3.277261999755865,premium,ttfb
3.154909998556832,premium,ttfb
3.7206109991529956,premium,ttfb
3.4861169988289475,premium,ttfb
4.461291999177774,premium,ttfb
3.046164998522727,premium,ttfb
3.265178998844931,premium,ttfb
3.181701002176851,premium,ttfb
3.193332999217091,premium,ttfb
3.469095001491951,premium,ttfb
3.1232000001182314,premium,ttfb
3.123892001895001,premium,ttfb
3.1463039995287545,premium,ttfb
2.756556998065207,premium,ttfb
3.1226589999278076,premium,ttfb
3.4031399991363287,premium,ttfb
3.1056669977260754,premium,ttfb
4.382142000395106,premium,ttfb
3.4918780002044514,premium,ttfb
3.301247998024337,premium,ttfb
3.1715420009277295,premium,ttfb
4.027963001135504,premium,ttfb
3.5945719973824453,premium,ttfb
3.523799001413863,premium,ttfb
3.4112150024157017,premium,ttfb
2.9404839988274034,premium,ttfb
3.235954001866048,premium,ttfb
3.519300000334624,premium,ttfb
3.0657010029244702,premium,ttfb
3.138609001325676,premium,ttfb
2.97335700088297,premium,ttfb
2.804536998155527,premium,ttfb
3.492849002213916,premium,ttfb
3.168847000779351,premium,ttfb
3.661159000330372,premium,ttfb
3.190668001479935,premium,ttfb
3.7181859988777433,premium,ttfb
3.4758570000121836,premium,ttfb
3.15939899883233,premium,ttfb
3.5014559980481863,premium,ttfb
3.6999420008214656,premium,ttfb
3.8876170001458377,premium,ttfb
3.522846000123536,premium,ttfb
3.5459600003378,premium,ttfb
4.775187000632286,premium,ttfb
4.874664999078959,premium,ttfb
5.031160999351414,premium,ttfb
5.45699699796387,premium,ttfb
4.961951002769638,premium,ttfb
4.294297003070824,premium,ttfb
4.502019000938162,premium,ttfb
3.859152999211801,premium,ttfb
3.195207002136158,premium,ttfb
5.041710999648785,premium,ttfb
4.211719999148045,premium,ttfb
3.499862999888137,premium,ttfb
3.6546960000123363,premium,ttfb
3.664203999505844,premium,ttfb
3.710763001436135,premium,ttfb
4.044463999889558,premium,ttfb
3.62462900011451,premium,ttfb
4.272586000297451,premium,ttfb
4.539098998066038,premium,ttfb
4.853315000218572,premium,ttfb
4.528329998720437,premium,ttfb
4.620733998308424,premium,ttfb
3.985522998846136,premium,ttfb
3.8263209971773904,premium,ttfb
4.634469998563873,premium,ttfb
4.178808998403838,premium,ttfb
4.27688399940962,premium,ttfb
4.206039000564488,premium,ttfb
3.2465939984831493,premium,ttfb
3.3835529975476675,premium,ttfb
3.5080790003121365,premium,ttfb
3.361191000294639,premium,ttfb
3.821561997028766,premium,ttfb
3.3423749991925433,premium,ttfb
3.5129170028085355,premium,ttfb
3.305434998765122,premium,ttfb
3.226355998776853,premium,ttfb
4.861930003244197,premium,ttfb
5.119487999763805,premium,ttfb
4.378094999992754,premium,ttfb
4.871739998634439,premium,ttfb
4.275692001101561,premium,ttfb
3.5191290007787757,premium,ttfb
3.8458380004158244,premium,ttfb
4.3663830001605675,premium,ttfb
4.103545998077607,premium,ttfb
5.101544000353897,premium,ttfb
3.9400870009558275,premium,ttfb
5.039126001065597,premium,ttfb
4.332799002440879,premium,ttfb
3.916271001799032,premium,ttfb
3.995961000327952,premium,ttfb
3.6672799978987314,premium,ttfb
4.210267998132622,premium,ttfb
3.7649239966413006,premium,ttfb
4.129164000914898,premium,ttfb
4.483234002691461,premium,ttfb
4.692981001426233,premium,ttfb
4.391080001369119,premium,ttfb
4.156535997026367,premium,ttfb
3.758492999622831,premium,ttfb
4.246816999511793,premium,ttfb
3.397329001018079,premium,ttfb
3.703999002027558,premium,ttfb
3.682048001792282,premium,ttfb
3.4086809973814525,premium,ttfb
4.224795000482118,premium,ttfb
3.5651670004881453,premium,ttfb
3.25685300049372,premium,ttfb
3.510763999656774,premium,ttfb
3.0841559964756016,premium,ttfb
4.034325000247918,premium,ttfb
4.3210469993937295,premium,ttfb
3.5271840024506673,premium,ttfb
3.846960000373656,premium,ttfb
6.4586020016577095,premium,ttfb
5.119998997543007,premium,ttfb
3.388782999536488,premium,ttfb
4.00566000098479,premium,ttfb
4.1723760004970245,premium,ttfb
4.643036998459138,premium,ttfb
4.3427780001366045,premium,ttfb
4.402270998980384,premium,ttfb
3.560137000022223,premium,ttfb
3.502027000649832,premium,ttfb
3.6070659989491105,premium,ttfb
3.261671998188831,premium,ttfb
3.8886889997229446,premium,ttfb
3.306426999188261,premium,ttfb
3.2605300002614968,premium,ttfb
3.9291159991989844,premium,ttfb
3.874442001688294,premium,ttfb
3.5849849991791416,premium,ttfb
4.416067000420298,premium,ttfb
4.101751997950487,premium,ttfb
3.7588630002574064,premium,ttfb
4.052929998579202,premium,ttfb
3.8143380006658845,premium,ttfb
3.382811999472324,premium,ttfb
3.436302999034524,premium,ttfb
3.7820069992449135,premium,ttfb
3.369275000295602,premium,ttfb
3.5298100010550115,premium,ttfb
3.3861980009533,premium,ttfb
3.225974996894365,premium,ttfb
3.7570599997707177,premium,ttfb
3.248588000133168,premium,ttfb
3.2561520019953605,premium,ttfb
3.7152009972487576,premium,ttfb
3.409262000786839,premium,ttfb
3.2641969992255326,premium,ttfb
3.114513001492014,premium,ttfb
4.054632998304442,premium,ttfb
5.50636099796975,premium,ttfb
5.430066001281375,premium,ttfb
4.240906000632094,premium,ttfb
4.606618000252638,premium,ttfb
4.8772099980851635,premium,ttfb
4.5409039994410705,premium,ttfb
4.503713000303833,premium,ttfb
3.2868800008145627,premium,ttfb
3.215985998394899,premium,ttfb
4.520825001236517,premium,ttfb
3.5991810000268742,premium,ttfb
3.746299997146707,premium,ttfb
4.7793650010135025,premium,ttfb
4.449480002222117,premium,ttfb
3.609901999880094,premium,ttfb
3.84699999995064,premium,ttfb
3.109174002020154,premium,ttfb
3.435500999330543,premium,ttfb
4.01680100185331,premium,ttfb
3.724909001903143,premium,ttfb
4.0001099987421185,premium,ttfb
3.7273240013746545,premium,ttfb
3.5707269998965785,premium,ttfb
3.96680699850549,premium,ttfb
2.9166099993744865,premium,ttfb
3.5602369971456937,premium,ttfb
3.120125002169516,premium,ttfb
4.134874998271698,premium,ttfb
3.8112619986350182,premium,ttfb
3.334600001835497,premium,ttfb
3.8625800007139333,premium,ttfb
4.250953999871854,premium,ttfb
3.5744240012718365,premium,ttfb
3.998866999609163,premium,ttfb
3.745078000065405,premium,ttfb
3.9448950010410044,premium,ttfb
4.180039999482688,premium,ttfb
3.300405998743372,premium,ttfb
3.916771998774493,premium,ttfb
3.6551470002450515,premium,ttfb
5.126511001435574,premium,ttfb
3.9406269970641006,premium,ttfb
4.31321300129639,premium,ttfb
3.785724999033846,premium,ttfb
3.070299997489201,premium,ttfb
3.787827998166904,premium,ttfb
3.507838999212254,premium,ttfb
3.149249001580756,premium,ttfb
3.5876889996870887,premium,ttfb
3.2245529982901644,premium,ttfb
3.5954740014858544,premium,ttfb
3.84146999931545,premium,ttfb
4.141597000852926,premium,ttfb
4.606125999998767,premium,ttfb
4.143081001529936,premium,ttfb
3.594191999582108,premium,ttfb
3.374715997779276,premium,ttfb
3.2067089996417053,premium,ttfb
3.7994699996488634,premium,ttfb
4.028945000754902,premium,ttfb
3.822663999017095,premium,ttfb
4.152297999098664,premium,ttfb
3.672019000077853,premium,ttfb
3.2877510020625778,premium,ttfb
3.833314000075916,premium,ttfb
3.6516399995889515,premium,ttfb
3.724256999703357,premium,ttfb
3.7334650005504955,premium,ttfb
4.229794998536818,premium,ttfb
3.427116000239039,premium,ttfb
3.4951140005432535,premium,ttfb
4.65240399717004,premium,ttfb
4.5950860003358684,premium,ttfb
5.073710999567993,premium,ttfb
5.636015001073247,premium,ttfb
4.333660999691347,premium,ttfb
4.023944999062223,premium,ttfb
4.284448001271812,premium,ttfb
3.8277639978332445,premium,ttfb
4.1356959991389886,premium,ttfb
3.445869999268325,premium,ttfb
3.3558600007381756,premium,ttfb
3.877388000546489,premium,ttfb
4.265873001713771,premium,ttfb
4.298904997995123,premium,ttfb
6.009231998177711,premium,ttfb
3.2615819982311223,premium,ttfb
3.361651997693116,premium,ttfb
3.6618500016629696,premium,ttfb
3.120465000392869,premium,ttfb
2.9575170010502916,premium,ttfb
2.9302250004548114,premium,ttfb
2.867746999982046,premium,ttfb
3.306426999188261,premium,ttfb
3.501225000945851,premium,ttfb
4.288495998480357,premium,ttfb
4.662513998482609,premium,ttfb
4.117231001146138,premium,ttfb
4.297872997995,premium,ttfb
3.6000520012748893,premium,ttfb
3.441562999796588,premium,ttfb
4.116280000744155,premium,ttfb
3.8122040023154113,premium,ttfb
3.44460799897206,premium,ttfb
6.491665000794455,standard,total
5.958285000815522,standard,total
4.594324000208871,standard,total
4.1999489985755645,standard,total
4.539801000646548,standard,total
4.431015000591287,standard,total
4.689965000579832,standard,total
4.6385169989662245,standard,total
4.257397002220387,standard,total
4.297592000511941,standard,total
4.022271998110227,standard,total
3.456860998994671,standard,total
3.7189380018389784,standard,total
3.700111999933142,standard,total
3.9717869985906873,standard,total
3.383873001439497,standard,total
3.248016000725329,standard,total
4.716886000096565,standard,total
5.069234000984579,standard,total
4.741372998978477,standard,total
3.743124001630349,standard,total
5.238422996626468,standard,total
3.998676998890005,standard,total
3.548785000020871,standard,total
4.216730001644464,standard,total
42.025940001622075,standard,total
4.452967001270736,standard,total
4.807097000593785,standard,total
5.201833002502099,standard,total
4.764617002365412,standard,total
4.452526001841761,standard,total
4.048700997373089,standard,total
73.62554000064847,standard,total
5.15035600255942,standard,total
4.954326002916787,standard,total
4.977089000021806,standard,total
5.064163000497501,standard,total
5.405199000961147,standard,total
5.200081002840307,standard,total
5.14490700152237,standard,total
4.779274000611622,standard,total
4.847603999223793,standard,total
4.533529998298036,standard,total
4.410776997247012,standard,total
5.098117999295937,standard,total
5.206141999224201,standard,total
4.373767002107343,standard,total
4.223973999614827,standard,total
3.8927770001464523,standard,total
4.51500499912072,standard,total
4.098116001841845,standard,total
3.805551998084411,standard,total
8.381761999771697,standard,total
3.7798630000906996,standard,total
3.5338180023245513,standard,total
4.071354000188876,standard,total
4.000550998171093,standard,total
4.78357199972379,standard,total
4.188565999356797,standard,total
4.558606997306924,standard,total
3.4546280003269203,standard,total
3.053107997402549,standard,total
3.0155860004015267,standard,total
3.4629740002856124,standard,total
3.0424479991779663,standard,total
3.2750669997767545,standard,total
3.077033001318341,standard,total
2.9354850012168754,standard,total
2.8647920007642824,standard,total
3.2119179995788727,standard,total
4.127551001147367,standard,total
3.761858999496326,standard,total
2.9612239995913114,standard,total
3.0897470023774076,standard,total
3.029944000445539,standard,total
2.954641000542324,standard,total
3.042677999474108,standard,total
4.083857998921303,standard,total
3.8179150033101905,standard,total
4.246115997375455,standard,total
17.1630990007543,standard,total
4.674546002206625,standard,total
4.327959999500308,standard,total
4.10287499835249,standard,total
3.7846710001758765,standard,total
3.17144200016628,standard,total
3.7590140018437523,standard,total
4.02451599802589,standard,total
4.744488000142155,standard,total
5.185613998037297,standard,total
5.159723998076515,standard,total
4.96199899862404,standard,total
4.261393998604035,standard,total
36.28931500134058,standard,total
6.148013999336399,standard,total
5.738038998970296,standard,total
5.851524001627695,standard,total
5.012043999158777,standard,total
3.803608000453096,standard,total
4.7282680025091395,standard,total
4.327639999246458,standard,total
4.050836003443692,standard,total
5.125308998685796,standard,total
54.40869300218765,standard,total
12.521565000497503,standard,total
6.041051998181501,standard,total
5.468377999932272,standard,total
5.016402999899583,standard,total
6.115963999036467,standard,total
5.7549209996068384,standard,total
6.429736997233704,standard,total
4.722728001070209,standard,total
5.164051999599906,standard,total
4.798040001332993,standard,total
5.298838001181139,standard,total
4.838415999984136,standard,total
4.473534998396644,standard,total
3.641811999841593,standard,total
3.5121959990647156,standard,total
3.144991002045572,standard,total
3.3189109999511857,standard,total
4.2314769998483825,standard,total
3.799600999627728,standard,total
3.518657998938579,standard,total
3.3281779979006387,standard,total
3.1336710017058067,standard,total
3.311958000267623,standard,total
3.3976199993048795,standard,total
3.6503070004982874,standard,total
3.641051000158768,standard,total
3.7302189994079527,standard,total
3.8338250014930964,standard,total
4.003876998467604,standard,total
4.457406001165509,standard,total
3.467230999376625,standard,total
3.661759998067282,standard,total
3.5128480012645014,standard,total
3.555027000402333,standard,total
3.2040230034908745,standard,total
3.4714299981715158,standard,total
3.3851560001494363,standard,total
3.98929899893119,standard,total
3.453154000453651,standard,total
3.42584300233284,standard,total
3.690894001920242,standard,total
4.523679999692831,standard,total
4.893189998256275,standard,total
25.226849000318907,standard,total
5.400971000199206,standard,total
82.6535039996088,standard,total
5.1721479976549745,standard,total
5.703093000192894,standard,total
4.4338009975035675,standard,total
4.522006998740835,standard,total
5.045697998866672,standard,total
5.430535999039421,standard,total
5.363539999962086,standard,total
5.795518001832534,standard,total
5.985857002087869,standard,total
5.498957001691451,standard,total
5.495048000739189,standard,total
5.69946500036167,standard,total
4.674296000303002,standard,total
4.5050550033920445,standard,total
3.7890599996899255,standard,total
3.821071000857046,standard,total
3.8206300014280714,standard,total
15.03236699863919,standard,total
5.051718999311561,standard,total
5.038945000706008,standard,total
5.116873999213567,standard,total
5.00935899981414,standard,total
6.271598998864647,standard,total
6.2835110002197325,standard,total
6.55384200217668,standard,total
5.884787002287339,standard,total
5.606660000921693,standard,total
3.7998209991201293,standard,total
4.417489999468671,standard,total
4.445812999620102,standard,total
4.351494000729872,standard,total
3.5480040023685433,standard,total
5.706930001906585,standard,total
3.282911999122007,standard,total
3.0797979998169467,standard,total
3.3458409998274874,standard,total
12.69451299958746,standard,total
4.114275998290395,standard,total
4.502429997955915,standard,total
4.5760190005239565,standard,total
4.752474000270013,standard,total
4.538948996923864,standard,total
4.208725000353297,standard,total
4.186382000625599,standard,total
4.09668200154556,standard,total
3.8446550024673343,standard,total
3.7340369999583345,standard,total
4.2201959986414295,standard,total
4.214606000459753,standard,total
4.332497999712359,standard,total
3.8375130025087856,standard,total
4.4741370002157055,standard,total
4.255112999089761,standard,total
3.4380760007479694,standard,total
4.878331998042995,standard,total
4.243711002345663,standard,total
4.447927000001073,standard,total
4.477464000956388,standard,total
10.517002003325615,standard,total
3.6121759985690005,standard,total
8.868673001416028,standard,total
3.807485001743771,standard,total
3.5435860008874442,standard,total
3.681357000459684,standard,total
3.669052999612177,standard,total
4.174098998191766,standard,total
4.589305000990862,standard,total
4.17392899908009,standard,total
5.156398001417983,standard,total
4.41868199777673,standard,total
4.496028999710688,standard,total
4.163588997471379,standard,total
6.315262002317468,standard,total
4.324983998230891,standard,total
4.250632999173831,standard,total
39.75122599877068,standard,total
5.303436002577655,standard,total
5.081045997940237,standard,total
5.469611001899466,standard,total
4.377113000373356,standard,total
3.8630600029136986,standard,total
3.7152410004637204,standard,total
3.5269840009277686,standard,total
3.7598849994537886,standard,total
4.086804001417477,standard,total
4.121810998185538,standard,total
4.214374999719439,standard,total
4.317640999943251,standard,total
4.631504998542368,standard,total
30.805235997831915,standard,total
5.140827997820452,standard,total
5.155205999471946,standard,total
4.920160998153733,standard,total
4.773963999468833,standard,total
4.15225799952168,standard,total
4.746593000163557,standard,total
4.618910999852233,standard,total
4.595226000674302,standard,total
4.904492001514882,standard,total
4.948904999764636,standard,total
5.34603599953698,standard,total
4.936983001243789,standard,total
4.759176001243759,standard,total
5.185332996916259,standard,total
4.51602599787293,standard,total
4.556042000331217,standard,total
23.05973799957428,standard,total
100.19704300066223,standard,total
11.953100001846906,standard,total
6.025052000040887,standard,total
5.3433519969985355,standard,total
5.197786002099747,standard,total
5.1012540025112685,standard,total
5.390100999647984,standard,total
5.095533000712749,standard,total
55.17768800200429,standard,total
4.978040000423789,standard,total
4.876588998740772,standard,total
4.932302999804961,standard,total
4.9670799999148585,standard,total
4.81748599850107,standard,total
5.06705900261295,standard,total
5.061578998720506,standard,total
5.090413000289118,standard,total
5.349713002942735,standard,total
5.216241002926836,standard,total
4.837995998968836,standard,total
4.962350998539478,standard,total
5.6439200016029645,standard,total
4.838495999138104,standard,total
5.125298997882055,standard,total
5.062209998868639,standard,total
19.056763001572108,standard,total
4.852131998632103,standard,total
4.5253440002852585,standard,total
4.193455999484286,standard,total
4.477914000744931,standard,total
4.772642001626082,standard,total
4.8720599988882896,standard,total
4.8706870002206415,standard,total
4.838806999032386,standard,total
5.370482998841908,standard,total
5.533010000362992,standard,total
5.014188998757163,standard,total
4.08391900054994,standard,total
2.9844880009477492,standard,total
3.9971240003069397,standard,total
3.66306200157851,standard,total
3.5564600002544466,standard,total
3.8855929997225758,standard,total
3.711714001838118,standard,total
20.80024299721117,standard,total
4.735201000585221,standard,total
4.881648001173744,standard,total
4.927114001475275,standard,total
4.668765999667812,standard,total
4.52085500000976,standard,total
3.529259000060847,standard,total
3.7790810019942,standard,total
3.628546997788362,standard,total
3.496015997370705,standard,total
3.5823489997710567,standard,total
58.426556999620516,standard,total
5.136810999829322,standard,total
5.064344000857091,standard,total
5.25589700191631,standard,total
4.221778999635717,standard,total
4.331937998358626,standard,total
4.855908999161329,standard,total
5.493847002071561,standard,total
4.922665997582953,standard,total
6.252011000469793,standard,total
5.664961001457414,standard,total
5.088338999485131,standard,total
4.015287999209249,standard,total
3.5075179985142313,standard,total
3.3386290015187114,standard,total
3.030714997294126,standard,total
3.0815120007900987,standard,total
26.19052299996838,standard,total
4.11052799972822,standard,total
4.425766001077136,standard,total
4.276553001545835,standard,total
4.360371000075247,standard,total
4.196089998004027,standard,total
4.7332670001196675,standard,total
4.637004996766336,standard,total
4.485949000809342,standard,total
4.356665001978399,standard,total
4.551974001515191,standard,total
5.044196001108503,standard,total
5.144085000210907,standard,total
4.090670998266432,standard,total
4.850348999752896,standard,total
3.8954720002948307,standard,total
4.327868999098428,standard,total
4.576661001920002,standard,total
4.241536997142248,standard,total
32.450780003273394,standard,total
5.2140469997539185,standard,total
4.944997999700718,standard,total
5.1411790009296965,standard,total
4.931261999445269,standard,total
4.098256002180278,standard,total
4.115469000680605,standard,total
3.8877070001035463,standard,total
5.02309600051376,standard,total
4.454288999113487,standard,total
4.889201998594217,standard,total
5.205982000916265,standard,total
5.167769999388838,standard,total
4.222881998430239,standard,total
4.433559999597492,standard,total
4.618831000698265,standard,total
4.599873998813564,standard,total
4.1009609994944185,standard,total
3.322828000818845,standard,total
3.767920999962371,standard,total
4.950387999997474,standard,total
4.24195799860172,standard,total
3.8805340009275824,standard,total
3.737793002073886,standard,total
3.8552760015591048,standard,total
3.409372002352029,standard,total
4.06355000086478,standard,total
3.7712070006818976,standard,total
4.252187001839047,standard,total
3.4715799993136898,standard,total
4.049883998959558,standard,total
3.868540999974357,standard,total
3.765785997529747,standard,total
3.7581620017590467,standard,total
3.6655069998232648,standard,total
4.210637998767197,standard,total
5.677524000930134,standard,total
6.1689340000157245,standard,total
6.706921998556936,standard,total
4.974774001311744,standard,total
3.7569800006167497,standard,total
3.652372000942705,standard,total
3.682968999783043,standard,total
3.5703060020750854,standard,total
3.514018997520907,standard,total
3.5853650006174576,standard,total
3.8011739998182748,standard,total
3.8952409995545167,standard,total
3.8517389984917827,standard,total
3.6671900015790015,standard,total
4.691878999437904,standard,total
4.254742001648992,standard,total
69.49111600260949,standard,total
6.8323189989314415,standard,total
5.613602999801515,standard,total
5.803282001579646,standard,total
5.49614099872997,standard,total
5.465032998472452,standard,total
5.917738999414723,standard,total
6.077049998566508,standard,total
5.480321000504773,standard,total
3.7023459990450647,standard,total
3.6320340004749596,standard,total
3.1162269988271873,standard,total
3.3494279996375553,standard,total
38.53679800158716,standard,total
4.809521000424866,standard,total
4.591860000800807,standard,total
6.739213000400923,standard,total
5.952484996669227,standard,total
6.651698000496253,standard,total
5.670521000865847,standard,total
5.5740690004313365,standard,total
5.291464000038104,standard,total
5.087747998913983,standard,total
5.193889002839569,standard,total
4.532546998234466,standard,total
4.574216000037268,standard,total
3.4654780029086396,standard,total
3.1941149973135907,standard,total
3.0502820009132847,standard,total
25.391851999302162,standard,total
3.9140070002758875,standard,total
4.050694999023108,standard,total
4.338079001172446,standard,total
4.700605997641105,standard,total
4.555421000986826,standard,total
4.365982000308577,standard,total
4.178396997303935,standard,total
4.841532001591986,standard,total
4.072266001458047,standard,total
4.4859989975520875,standard,total
3.900039999280125,standard,total
4.256085001543397,standard,total
4.318292001698865,standard,total
4.19732299997122,standard,total
4.267805998097174,standard,total
4.418610998982331,standard,total
3.9983460010262206,standard,total
4.1723260001163,standard,total
4.183827000815654,standard,total
4.892879001999972,standard,total
4.516406999755418,standard,total
3.8914340002520476,standard,total
4.077497000253061,standard,total
5.37371899918071,standard,total
5.0088579992007,standard,total
5.853506998391822,standard,total
85.46455399846309,standard,total
5.852104000950931,standard,total
5.554111001401907,standard,total
5.20292600049288,standard,total
5.281334000756033,standard,total
4.42740899961791,standard,total
4.513772000791505,standard,total
68.9753490005387,standard,total
5.225969998718938,standard,total
5.255014002614189,standard,total
5.072308998933295,standard,total
5.049325001891702,standard,total
5.175154001335613,standard,total
5.238272999122273,standard,total
5.537308999919333,standard,total
5.472796998219565,standard,total
4.753635999804828,standard,total
4.1869829983625095,standard,total
4.350072002125671,standard,total
4.26695499845664,standard,total
3.621494000981329,standard,total
4.545691997918766,standard,total
4.123082999285543,standard,total
4.125727999053197,standard,total
4.23303099887562,standard,total
32.32236699841451,standard,total
5.996918000164442,standard,total
81.62227199863992,standard,total
5.636035999486921,standard,total
5.014400001527974,standard,total
4.518191002716776,standard,total
4.48201200197218,standard,total
4.643587002647109,standard,total
4.812437000509817,standard,total
4.641302999516483,standard,total
4.387442000734154,standard,total
4.78244099940639,standard,total
56.42648100183578,standard,total
5.099099998915335,standard,total
5.1060629994026385,standard,total
5.068873000709573,standard,total
5.089410999062238,standard,total
5.221191000600811,standard,total
5.053593999036821,standard,total
5.142510999576189,standard,total
5.203265998716233,standard,total
4.890133997832891,standard,total
5.2196070028003305,standard,total
5.036861999542452,standard,total
5.406571002822602,standard,total
5.615507001493825,standard,total
5.720675999327796,standard,total
27.219460000196705,standard,total
4.936641998938285,standard,total
5.391062000853708,standard,total
5.254463998426218,standard,total
4.945107000821736,standard,total
4.966519001754932,standard,total
4.506879002292408,standard,total
4.671098999097012,standard,total
4.737305000162451,standard,total
5.287726999085862,standard,total
4.574717000650708,standard,total
4.674526000599144,standard,total
4.979694000212476,standard,total
4.656672001146944,standard,total
5.2453569987847,standard,total
4.952923001837917,standard,total
3.6640629987232387,standard,total
4.042019001644803,standard,total
3.4919079989776947,standard,total
15.11924199803616,standard,total
4.15175699890824,standard,total
3.986473999248119,standard,total
4.003366000688402,standard,total
4.073478001373587,standard,total
4.980634999810718,standard,total
4.878982999798609,standard,total
4.993468999600736,standard,total
5.101504000776913,standard,total
5.279740998958005,standard,total
5.1716060006583575,standard,total
4.162376997555839,standard,total
3.80443999893032,standard,total
4.006631999800447,standard,total
4.022522000013851,standard,total
4.138471998885507,standard,total
45.61901000124635,standard,total
5.681481001374777,standard,total
6.681213999399915,standard,total
5.618101000436582,standard,total
5.8651500003179535,standard,total
5.367456997191766,standard,total
4.569176999211777,standard,total
5.161757999303518,standard,total
4.23162799779675,standard,total
4.641823998099426,standard,total
4.106952001166064,standard,total
3.4107349965779576,standard,total
3.615161000197986,standard,total
3.47751099980087,standard,total
3.430090997426305,standard,total
4.42010400001891,standard,total
4.789523998624645,standard,total
4.838527001993498,standard,total
3.836781001155032,standard,total
4.4687570007226896,standard,total
3.4689649983192794,standard,total
4.065453998919111,standard,total
3.6717689981742296,standard,total
3.684141000121599,standard,total
3.6206719996698666,standard,total
3.7374419989646412,standard,total
3.253317001508549,standard,total
86.99322599932202,standard,total
9.258481000870233,standard,total
6.635006000578869,standard,total
5.20952899751137,standard,total
4.729120002593845,standard,total
5.92262799909804,standard,total
6.259976002183976,standard,total
6.687474997306708,standard,total
5.229956997936824,standard,total
36.154579000140075,standard,total
3.7833800015505403,standard,total
3.4884820015577134,standard,total
4.100859998288797,standard,total
4.56109099832247,standard,total
4.535382999165449,standard,total
3.772569001739612,standard,total
4.448928997589974,standard,total
4.453087000001688,standard,total
4.155984999670181,standard,total
4.367854999145493,standard,total
4.654839001887012,standard,total
3.85050700060674,standard,total
5.482865999510977,standard,total
6.223086998943472,standard,total
6.210793999343878,standard,total
5.323052999301581,standard,total
4.683453000325244,standard,total
22.316552000120282,standard,total
4.107884000404738,standard,total
7.87524300176301,standard,total
3.7002520002715755,standard,total
3.916582001693314,standard,total
3.5680619985214435,standard,total
4.090821999852778,standard,total
5.155486000148812,standard,total
4.6194120004656725,standard,total
4.257467000570614,standard,total
4.508301997702802,standard,total
4.497140998864779,standard,total
51.37999100043089,standard,total
5.024989000958158,standard,total
5.076736000773963,standard,total
4.509484002483077,standard,total
5.570150999119505,standard,total
4.471701999136712,standard,total
6.333245000860188,standard,total
67.16928199966787,standard,total
5.115689997182926,standard,total
4.02020800174796,standard,total
4.470099000172922,standard,total
3.8399570003093686,standard,total
3.74435499907122,standard,total
3.1165979999059346,standard,total
3.955436000978807,standard,total
3.4633239993127063,standard,total
3.43508000150905,standard,total
3.543866001564311,standard,total
3.7635520020558033,standard,total
6.450586999562802,standard,total
5.237301000306616,standard,total
4.689734996645711,standard,total
4.164199999650009,standard,total
3.710752000188222,standard,total
3.5277559982205275,standard,total
3.560788001777837,standard,total
4.5864290004828945,standard,total
4.2878749991359655,standard,total
4.571640998619841,standard,total
5.099140002130298,standard,total
7.064358000206994,standard,total
3.5223059967393056,standard,total
3.8673790004395414,standard,total
4.2202670010738075,standard,total
3.380105998076033,standard,total
3.6667590029537678,standard,total
5.114770003274316,standard,total
5.440143999294378,standard,total
5.742185996496119,standard,total
4.221389001031639,standard,total
4.16912899891031,standard,total
3.6398080010258127,standard,total
3.5072380014753435,standard,total
3.5262330020486843,standard,total
5.40072000148939,standard,total
5.148674001247855,standard,total
5.704125000193017,standard,total
4.624921999493381,standard,total
24.953591997473268,standard,total
3.7241870013531297,standard,total
4.7602279992133845,standard,total
4.024575999210356,standard,total
3.905139998096274,standard,total
3.3888130019477103,standard,total
3.759564999199938,standard,total
4.3494909987202846,standard,total
4.268438002327457,standard,total
3.4961769997607917,standard,total
3.9118320019042585,standard,total
3.6641340011556167,standard,total
3.5961759967904072,standard,total
3.6356199998408556,standard,total
3.9941979994182475,standard,total
4.3297340016579255,standard,total
3.6028290014655795,standard,total
3.3737850026227534,standard,total
3.714608999871416,standard,total
3.288543000962818,standard,total
27.49016199959442,standard,total
12.596898999618134,standard,total
5.07889099753811,standard,total
5.152450001332909,standard,total
4.428931999427732,standard,total
4.565250001178356,standard,total
5.576452000241261,standard,total
5.420067001978168,standard,total
5.6715630016697105,standard,total
5.4533090005861595,standard,total
5.042713000875665,standard,total
4.664206000597915,standard,total
5.320239000866422,standard,total
5.0226349994773045,standard,total
5.860479999682866,standard,total
5.38537100146641,standard,total
27.4283260005177,standard,total
5.9347809983592015,standard,total
6.3846320008451585,standard,total
5.587123003351735,standard,total
5.998982000164688,standard,total
5.359343002055539,standard,total
5.676812001183862,standard,total
5.047061000368558,standard,total
4.099527999642305,standard,total
3.9434020000044256,standard,total
5.185694000829244,standard,total
3.866207000100985,standard,total
4.266924999683397,standard,total
4.0664750013093,standard,total
4.552825997961918,standard,total
3.68002400136902,standard,total
3.317988997878274,standard,total
22.852737001812784,standard,total
5.155074999493081,standard,total
4.950908998580417,standard,total
4.485769000893924,standard,total
4.171333999693161,standard,total
3.8000409986125305,standard,total
4.206670997518813,standard,total
5.215179000515491,standard,total
4.279458000382874,standard,total
3.4036010001727846,standard,total
3.2662510020600166,standard,total
3.4946129999298137,standard,total
3.0080830001679715,standard,total
3.515071999572683,standard,total
3.4092320020135958,standard,total
3.99833600022248,standard,total
3.7234359988360666,standard,total
23.19659699787735,standard,total
4.372573999717133,standard,total
4.181342999800108,standard,total
3.81861600180855,standard,total
3.7815869982296135,standard,total
3.8238359993556514,standard,total
3.329189999931259,standard,total
3.3052639992092736,standard,total
5.918509999901289,standard,total
3.485335000732448,standard,total
3.8267620002443437,standard,total
3.6854249992757104,standard,total
3.557503001502482,standard,total
3.9693109974905383,standard,total
3.8007619987183716,standard,total
45.43075299807242,standard,total
5.032674001995474,standard,total
5.030839998653391,standard,total
5.433072001324035,standard,total
4.494175002037082,standard,total
4.520505000982666,standard,total
4.487151996727334,standard,total
4.733708999992814,standard,total
4.78848099737661,standard,total
5.0259919989912305,standard,total
5.3731679981865454,standard,total
5.444113001431106,standard,total
5.335597001248971,standard,total
4.214404998492682,standard,total
3.973309001594316,standard,total
3.9163820001704153,standard,total
28.01046800232143,standard,total
5.136589999892749,standard,total
4.319043000577949,standard,total
4.381280999950832,standard,total
4.7219849984685425,standard,total
4.603712000971427,standard,total
4.789073002029909,standard,total
5.156338000233518,standard,total
5.114137999044033,standard,total
5.3907010005787015,standard,total
4.854677001276286,standard,total
4.813098999875365,standard,total
4.083196999999927,standard,total
4.0718250020290725,standard,total
3.883148998284014,standard,total
35.095203998935176,standard,total
99.4329880013538,standard,total
6.186988000990823,standard,total
5.000371998903574,standard,total
5.899463998503052,standard,total
5.325627997081028,standard,total
5.290662000334123,standard,total
5.009680000512162,standard,total
5.3488019984797575,standard,total
5.45340000098804,standard,total
5.769739000243135,standard,total
4.995814000722021,standard,total
5.034978999901796,standard,total
4.63223599945195,standard,total
4.631245003110962,standard,total
4.48251300258562,standard,total
27.02652500011027,standard,total
5.904592999286251,standard,total
5.720805998862488,standard,total
4.738456002087332,standard,total
5.7316570018883795,standard,total
5.793824999273056,standard,total
6.066388999897754,standard,total
4.581830999086378,standard,total
3.9795499978936277,standard,total
3.959473000577418,standard,total
3.832122001767857,standard,total
4.118844000913668,standard,total
3.5564200006774627,standard,total
3.479384002275765,standard,total
5.585089002124732,standard,total
3.539448000083212,standard,total
29.19700300117256,standard,total
4.992528000002494,standard,total
5.53449300059583,standard,total
4.5132910017855465,standard,total
4.656031000195071,standard,total
4.14995299797738,standard,total
4.077084999153158,standard,total
3.7258410011418164,standard,total
3.9606350001122337,standard,total
3.917012996680569,standard,total
3.996644001745153,standard,total
3.4877299985964783,standard,total
5.29142400046112,standard,total
3.3666910021565855,standard,total
3.221707000193419,standard,total
3.160630996717373,standard,total
3.062854997551767,standard,total
3.116047002549749,standard,total
2.851355999155203,standard,total
2.920716997323325,standard,total
2.8738580003846437,standard,total
3.0423259995586704,standard,total
3.107581000222126,standard,total
3.09861300047487,standard,total
3.0526269983965904,standard,total
3.373393999936525,standard,total
3.3792449976317585,standard,total
3.4139809977205005,standard,total
3.348487000039313,standard,total
3.317457998491591,standard,total
5.48900799913099,standard,total
3.389174002222717,standard,total
3.14776700179209,standard,total
3.1500820005021524,standard,total
2.858398998796474,standard,total
2.956845000881003,standard,total
3.727302999323001,standard,total
4.191813000943512,standard,total
4.611828000633977,standard,total
5.9677629978978075,standard,total
5.04768199971295,standard,total
4.1949890000978485,standard,total
4.441503999260021,standard,total
3.7330449995351955,standard,total
4.029055002320092,standard,total
4.271013000106905,standard,total
41.592919998947764,standard,total
5.098729001474567,standard,total
5.904513996938476,standard,total
5.015951999666868,standard,total
5.154604001290863,standard,total
4.7720909969939385,standard,total
5.017163999582408,standard,total
4.138751999562373,standard,total
52.45999600083451,standard,total
5.220999999437481,standard,total
5.597313000180293,standard,total
5.561003999901004,standard,total
5.470602001878433,standard,total
5.4740900013712235,standard,total
5.242401002760744,standard,total
5.12514900037786,standard,total
5.720054999983404,standard,total
5.058652001025621,standard,total
5.3852109995204955,standard,total
4.714151000371203,standard,total
5.162710000149673,standard,total
5.278549000649946,standard,total
5.681111000740202,standard,total
24.808619000395993,standard,total
5.305960999976378,standard,total
5.122864000441041,standard,total
4.78307099911035,standard,total
4.070934002811555,standard,total
3.76040600167471,standard,total
3.8245969990384765,standard,total
4.181792999588652,standard,total
4.233691997796996,standard,total
3.5877289992640726,standard,total
3.7608559978252742,standard,total
4.209726997942198,standard,total
3.9272419999178965,standard,total
3.879290998156648,standard,total
4.193877000943758,standard,total
4.092585000762483,standard,total
4.203554999548942,standard,total
3.561829998943722,standard,total
3.729447998921387,standard,total
3.803609000897268,standard,total
34.31110000019544,standard,total
6.361348998325411,standard,total
5.458849998831283,standard,total
4.90298799923039,standard,total
5.049254999903496,standard,total
4.991646001144545,standard,total
5.136711002705852,standard,total
5.1828180003212765,standard,total
5.73097500091535,standard,total
4.908128998067696,standard,total
4.531866001343587,standard,total
4.512178998993477,standard,total
5.230658000073163,standard,total
4.900783002085518,standard,total
4.705784998805029,standard,total
4.233822000969667,standard,total
4.54042199999094,standard,total
19.067965000431286,standard,total
5.083429998194333,standard,total
5.067299000074854,standard,total
4.900634998193709,standard,total
5.078469999716617,standard,total
5.125069001223892,standard,total
5.875208000361454,standard,total
5.3611149996868335,standard,total
5.445694998343242,standard,total
5.379390000598505,standard,total
5.729242002416868,standard,total
4.394235998915974,standard,total
5.048482998972759,standard,total
5.241488997853594,standard,total
3.9296059985645115,standard,total
3.3920989990292583,standard,total
4.140955999901053,standard,total
20.482560998061672,standard,total
4.643997999664862,standard,total
5.024999001761898,standard,total
4.613139000866795,standard,total
4.327508999267593,standard,total
4.390329002490034,standard,total
4.3017999996664,standard,total
4.690486002800753,standard,total
5.1279539984534495,standard,total
5.211522002355196,standard,total
6.917279999470338,standard,total
4.673663999710698,standard,total
4.135666997171938,standard,total
3.552321999450214,standard,total
3.90731399966171,standard,total
3.5396080020291265,standard,total
31.377438997878926,standard,total
5.355894998501753,standard,total
5.506501001946162,standard,total
5.116062002343824,standard,total
5.3777560024173,standard,total
4.704503000539262,standard,total
5.080143997474806,standard,total
4.965837000781903,standard,total
4.257638000126462,standard,total
4.3636779992084485,standard,total
4.272816000593593,standard,total
4.3384700002206955,standard,total
4.7105429985094815,standard,total
4.233400999510195,standard,total
4.589063999446807,standard,total
4.867952000495279,standard,total
5.011933997593587,standard,total
5.154474001756171,standard,total
5.334966001100838,standard,total
12.327297998126596,standard,total
5.01034199987771,standard,total
4.89166600164026,standard,total
4.960016001859913,standard,total
5.7345219975104555,standard,total
5.400239002483431,standard,total
4.113093000341905,standard,total
4.405356998177012,standard,total
4.753645000164397,standard,total
3.683381000882946,standard,total
5.258181001408957,standard,total
4.402630998811219,standard,total
4.846912001085002,standard,total
4.020649001176935,standard,total
38.51145899898256,standard,total
5.466223999974318,standard,total
5.017915998905664,standard,total
5.02028999835602,standard,total
5.136309999215882,standard,total
5.146388997673057,standard,total
5.269220997433877,standard,total
5.111102000228129,standard,total
5.266275999019854,standard,total
5.204869001318002,standard,total
4.1663140000309795,standard,total
4.8409109986096155,standard,total
4.517369001405314,standard,total
4.862672001763713,standard,total
5.171827000594931,standard,total
4.865777998929843,standard,total
5.465964000904933,standard,total
5.020240001613274,standard,total
4.447876999620348,standard,total
4.081153001607163,standard,total
3.9706339994154405,standard,total
3.6298989980423357,standard,total
3.924737000488676,standard,total
3.956556996854488,premium,total
3.766508001717739,premium,total
4.589315001794603,premium,total
5.034336998505751,premium,total
5.574931001319783,premium,total
6.112607999966713,premium,total
5.83041299978504,premium,total
5.622049000521656,premium,total
4.423230999236694,premium,total
4.601817996444879,premium,total
4.9009249996743165,premium,total
4.774695000378415,premium,total
4.391972001030808,premium,total
4.396168998937355,premium,total
4.700844998296816,premium,total
4.030207001051167,premium,total
3.1505320002906956,premium,total
3.4739040020212997,premium,total
3.3940029970835894,premium,total
3.534018000209471,premium,total
3.2727839970903005,premium,total
3.364005999173969,premium,total
3.7311509986466262,premium,total
3.30258999747457,premium,total
4.398434000904672,premium,total
3.6995910013502,premium,total
3.572380999685265,premium,total
3.604330999223748,premium,total
4.015538997919066,premium,total
3.6719090021506418,premium,total
4.166505001194309,premium,total
3.353174997755559,premium,total
3.504741998767713,premium,total
3.630039002018748,premium,total
4.230566002661362,premium,total
3.982997001003241,premium,total
3.4396699993521906,premium,total
3.5846130012942012,premium,total
3.85081700005685,premium,total
4.700656001659809,premium,total
3.825028001301689,premium,total
5.429955999716185,premium,total
3.6943710001651198,premium,total
4.298043997550849,premium,total
5.021331999159884,premium,total
4.222581002977677,premium,total
3.963058999943314,premium,total
4.741984001157107,premium,total
5.392464998294599,premium,total
6.486124002549332,premium,total
4.307680999772856,premium,total
2.8789780008082744,premium,total
4.276232000847813,premium,total
5.669859998306492,premium,total
5.169973999727517,premium,total
4.069200000230921,premium,total
3.510843998810742,premium,total
4.111099999136059,premium,total
3.777297999477014,premium,total
3.316385998914484,premium,total
3.6651359987445176,premium,total
4.197774000203935,premium,total
3.56171000021277,premium,total
4.295858998375479,premium,total
4.976276999514084,premium,total
3.8345559987646993,premium,total
3.455097998084966,premium,total
3.3668409996607807,premium,total
3.738374998647487,premium,total
3.674462997878436,premium,total
3.9129750002757646,premium,total
3.876124999806052,premium,total
3.3194520001416095,premium,total
3.604269997595111,premium,total
3.6451080013648607,premium,total
4.123283000808442,premium,total
3.8433529989561066,premium,total
4.235383999912301,premium,total
3.896374000760261,premium,total
3.683720999106299,premium,total
4.229713998938678,premium,total
4.665680000471184,premium,total
4.194859000563156,premium,total
3.8989780005067587,premium,total
3.99101199946017,premium,total
4.103234998183325,premium,total
4.209225000522565,premium,total
4.048230999615043,premium,total
4.105770000023767,premium,total
3.8579100000788458,premium,total
4.822124999918742,premium,total
3.355049000674626,premium,total
2.8528490001917817,premium,total
2.9287420002219733,premium,total
2.7848299978359137,premium,total
2.935084998171078,premium,total
3.646430999651784,premium,total
3.567540999938501,premium,total
3.719068001373671,premium,total
3.3400300017092377,premium,total
3.972828999394551,premium,total
5.060555999079952,premium,total
3.596406000724528,premium,total
4.1721460002008826,premium,total
4.1973529987444635,premium,total
3.9311990003625397,premium,total
4.003777001344133,premium,total
3.3734740027284715,premium,total
3.347074001794681,premium,total
3.119093002169393,premium,total
3.296849001344526,premium,total
3.191389998391969,premium,total
3.206027002306655,premium,total
3.630610997788608,premium,total
3.523547999066068,premium,total
3.7474119999387767,premium,total
3.5830109991366044,premium,total
4.631183997844346,premium,total
4.186702997685643,premium,total
3.6671199995907955,premium,total
3.6207020020810887,premium,total
3.3809179985837545,premium,total
4.429583001183346,premium,total
3.9876369992271066,premium,total
4.016712002339773,premium,total
4.0159689997381065,premium,total
3.826170999673195,premium,total
3.8358400015567895,premium,total
4.080983002495486,premium,total
3.9074239975889213,premium,total
4.095078998943791,premium,total
4.042450000270037,premium,total
3.9802420033083763,premium,total
4.379437999887159,premium,total
4.0646920024300925,premium,total
4.144713002460776,premium,total
3.519089998007985,premium,total
3.9458569990529213,premium,total
3.699439999763854,premium,total
4.763444998388877,premium,total
5.195422003453132,premium,total
4.500547001953237,premium,total
4.680396999901859,premium,total
4.442176999873482,premium,total
4.002615001809318,premium,total
3.5319139969942626,premium,total
3.435732000070857,premium,total
3.580276003049221,premium,total
4.219034002744593,premium,total
3.758111997740343,premium,total
3.989450000517536,premium,total
3.8338150006893557,premium,total
4.596247999870684,premium,total
3.7815060022694524,premium,total
3.362243001902243,premium,total
3.7748430004285183,premium,total
3.565286999219097,premium,total
3.7155019999772776,premium,total
3.2866889996512327,premium,total
3.5500180019880645,premium,total
3.837151001789607,premium,total
4.250163001415785,premium,total
3.8334749988280237,premium,total
5.23704100123723,premium,total
3.9437829982489347,premium,total
4.0549039986217394,premium,total
4.259260000253562,premium,total
4.475940000702394,premium,total
3.172021999489516,premium,total
3.4024490014417097,premium,total
3.2546799993724562,premium,total
3.30059599946253,premium,total
3.6154219997115433,premium,total
3.1549609993817285,premium,total
3.284345002612099,premium,total
3.1860990020504687,premium,total
3.4753170002659317,premium,total
3.2826120004756376,premium,total
3.542883998306934,premium,total
3.0406539990508463,premium,total
3.8413000002037734,premium,total
3.246594002121128,premium,total
3.6580829982995056,premium,total
3.2034630021371413,premium,total
3.613447999669006,premium,total
3.6972859998058993,premium,total
3.2490279991179705,premium,total
3.3415340003557503,premium,total
4.287784999178257,premium,total
3.8421399985963944,premium,total
3.8081569982750807,premium,total
3.987055999459699,premium,total
3.852781002933625,premium,total
3.592749002564233,premium,total
5.086625998956151,premium,total
5.221470997639699,premium,total
4.996955998649355,premium,total
4.170201998931589,premium,total
3.2813600009831134,premium,total
3.0336609997902997,premium,total
3.320373001770349,premium,total
3.040253999643028,premium,total
3.696685002068989,premium,total
3.258084998378763,premium,total
3.3520440010761376,premium,total
3.134651997243054,premium,total
6.418545999622438,premium,total
5.70336300006602,premium,total
4.109756999241654,premium,total
3.8709959990228526,premium,total
3.6390569985087495,premium,total
3.078376001212746,premium,total
3.4864670014940202,premium,total
3.2350319997931365,premium,total
3.918555001291679,premium,total
4.129705001105322,premium,total
3.2007869995140936,premium,total
3.580004999093944,premium,total
3.1511730012425687,premium,total
3.226286000426626,premium,total
2.9891759986639954,premium,total
3.3321959999739192,premium,total
3.4485260002838913,premium,total
4.002173998742364,premium,total
3.589042000385234,premium,total
2.98751299851574,premium,total
3.762850999919465,premium,total
3.6298590021033306,premium,total
3.568653999536764,premium,total
3.510954000375932,premium,total
3.261582001869101,premium,total
3.559955999662634,premium,total
3.6792120008612983,premium,total
3.7966439995216206,premium,total
3.465698999207234,premium,total
3.3395890022802632,premium,total
3.8561180008400697,premium,total
3.728787000000011,premium,total
3.696576000947971,premium,total
4.355443001259118,premium,total
3.42764599918155,premium,total
3.6641029983002227,premium,total
3.936720000638161,premium,total
3.6287270013417583,premium,total
3.4560409985715523,premium,total
2.9771539993816987,premium,total
3.5021069998038,premium,total
3.3698170009301975,premium,total
3.3308830024907365,premium,total
3.396136002265848,premium,total
3.6763069983862806,premium,total
5.068331000074977,premium,total
4.924318000121275,premium,total
5.292034002195578,premium,total
4.978221000783378,premium,total
3.9814949996070936,premium,total
3.6059040030522738,premium,total
3.760897998290602,premium,total
3.6808149998250883,premium,total
3.898516999470303,premium,total
4.775918001541868,premium,total
4.45753500025603,premium,total
4.524301999481395,premium,total
4.406217998621287,premium,total
3.611203999753343,premium,total
3.6829000018769875,premium,total
3.6235680017853156,premium,total
3.329942002892494,premium,total
3.6507289987639524,premium,total
3.5630230013339315,premium,total
3.662070001155371,premium,total
3.573491998395184,premium,total
4.160123000474414,premium,total
3.4567520015116315,premium,total
3.2830029995238874,premium,total
3.5181769999326207,premium,total
4.500205999647733,premium,total
4.436125000211177,premium,total
4.968772998836357,premium,total
4.920562001643702,premium,total
5.25621700217016,premium,total
5.613011999230366,premium,total
4.471702999580884,premium,total
3.369305999513017,premium,total
3.5764380008913577,premium,total
3.3755779986677226,premium,total
3.1562830008624587,premium,total
3.3682539979054127,premium,total
3.368855999724474,premium,total
3.45875499988324,premium,total
3.35759399968083,premium,total
3.6655559997598175,premium,total
4.150745000515599,premium,total
3.375408003194025,premium,total
2.9287720026331954,premium,total
3.0015999982424546,premium,total
3.021177999471547,premium,total
3.0995950000942685,premium,total
3.0937850024201907,premium,total
2.9419270031212363,premium,total
3.1710209987068083,premium,total
3.1726440029160585,premium,total
3.508739999233512,premium,total
3.7199299986241385,premium,total
3.520261998346541,premium,total
3.410023000469664,premium,total
2.9866119984944817,premium,total
3.521292997902492,premium,total
3.534027997375233,premium,total
3.0937150004319847,premium,total
3.142737001326168,premium,total
3.045963996555656,premium,total
3.1321969981945585,premium,total
3.1925610019243322,premium,total
3.8759249982831534,premium,total
3.2889449976210017,premium,total
3.293313002359355,premium,total
3.307880000647856,premium,total
3.5304299999552313,premium,total
4.061745999933919,premium,total
4.9471320016891696,premium,total
4.78718900194508,premium,total
4.300888998841401,premium,total
4.45792599930428,premium,total
4.102071998204337,premium,total
3.337775997351855,premium,total
4.132510999625083,premium,total
4.076544002600713,premium,total
4.030767999211093,premium,total
4.140246001043124,premium,total
3.4133289991586935,premium,total
3.3256329988944344,premium,total
3.1649800002924167,premium,total
3.112279999186285,premium,total
3.00848299957579,premium,total
3.388641998753883,premium,total
4.880947002675384,premium,total
3.6209819991199765,premium,total
4.973993000021437,premium,total
4.183045999525348,premium,total
3.4554589983599726,premium,total
3.8566680013900623,premium,total
4.515325003012549,premium,total
4.3754999969678465,premium,total
3.7615979999827687,premium,total
4.181934000371257,premium,total
3.2415940004284494,premium,total
4.1785169996728655,premium,total
5.180393000046024,premium,total
4.598742998496164,premium,total
3.1513030007772613,premium,total
3.8440040007117204,premium,total
3.9006709994282573,premium,total
3.6241179986973293,premium,total
3.371319002326345,premium,total
4.024896999908378,premium,total
3.749695999431424,premium,total
3.2134920002135914,premium,total
3.354548000061186,premium,total
3.214494001440471,premium,total
3.633014999650186,premium,total
4.0625279980304185,premium,total
3.4816180013876874,premium,total
3.4266750008100644,premium,total
4.192192998743849,premium,total
4.4139319979876745,premium,total
8.483494999381946,premium,total
4.800353999598883,premium,total
4.344150998804253,premium,total
5.881810000573751,premium,total
5.640854997182032,premium,total
4.888572002528235,premium,total
4.194376997475047,premium,total
4.382483999506803,premium,total
4.496909998124465,premium,total
4.946881999785546,premium,total
4.3793469994852785,premium,total
7.25467799929902,premium,total
5.246487999102101,premium,total
4.575047998514492,premium,total
4.125747000216506,premium,total
3.7632810017385054,premium,total
3.2054859984782524,premium,total
3.6100409997743554,premium,total
4.251915997883771,premium,total
4.134915001486661,premium,total
4.222499999741558,premium,total
3.942892002669396,premium,total
3.719028001796687,premium,total
3.4921879996545613,premium,total
3.17335499858018,premium,total
3.4534750011516735,premium,total
3.799409998464398,premium,total
3.3562810021976475,premium,total
3.963219998695422,premium,total
3.0377789989870507,premium,total
3.5503590006555896,premium,total
3.1352529986179434,premium,total
3.741530999832321,premium,total
3.8963939987297636,premium,total
3.2387999999627937,premium,total
3.4033399970212486,premium,total
2.8910910004924517,premium,total
3.4152629996242467,premium,total
3.210866001609247,premium,total
3.430352000577841,premium,total
3.1957579994923435,premium,total
3.43965999854845,premium,total
3.8562469999305904,premium,total
3.0606319996877573,premium,total
3.427607000048738,premium,total
3.521244001603918,premium,total
3.289836000476498,premium,total
2.9879239991714712,premium,total
3.0117399983282667,premium,total
2.9106680012773722,premium,total
2.9426580003928393,premium,total
2.8233529992576223,premium,total
3.0510830001730938,premium,total
4.705554998508887,premium,total
3.3360730012645945,premium,total
3.4771899991028477,premium,total
3.148988998873392,premium,total
3.6667089989350643,premium,total
3.8300470005196985,premium,total
3.252505001000827,premium,total
2.9110489995218813,premium,total
3.0709610000485554,premium,total
3.429559998039622,premium,total
3.2441700022900477,premium,total
3.1784550010343082,premium,total
3.9821360005589668,premium,total
3.6869770010525826,premium,total
3.4575530007714406,premium,total
3.9881770026113372,premium,total
4.495958000916289,premium,total
3.577679999580141,premium,total
4.168999003013596,premium,total
4.228381996654207,premium,total
4.1235739990952425,premium,total
3.7776289973407984,premium,total
3.4754469998006243,premium,total
3.377912002179073,premium,total
3.4641050006030127,premium,total
3.334379998705117,premium,total
3.9389539997500833,premium,total
4.269039000064367,premium,total
4.571611003484577,premium,total
3.455900001426926,premium,total
4.052027998113772,premium,total
3.8972250004007947,premium,total
3.542152997397352,premium,total
4.173117002210347,premium,total
3.9536619988211896,premium,total
3.7580509997496847,premium,total
3.7648149991582613,premium,total
3.3843950004666112,premium,total
3.725541002495447,premium,total
4.256996002368396,premium,total
6.336310998449335,premium,total
5.441476998385042,premium,total
4.937163997965399,premium,total
4.223643001751043,premium,total
4.590838001604425,premium,total
4.709461998572806,premium,total
5.462746998091461,premium,total
5.423051999969175,premium,total
4.267685999366222,premium,total
3.328358998260228,premium,total
3.6808160002692603,premium,total
4.000570999778574,premium,total
3.007410999998683,premium,total
3.7886889986111782,premium,total
3.434008001931943,premium,total
3.5032800005865283,premium,total
3.439467996940948,premium,total
3.3650980003585573,premium,total
4.168719002336729,premium,total
3.713116999279009,premium,total
3.2832329998200294,premium,total
3.121387002465781,premium,total
3.509120000671828,premium,total
3.394923998712329,premium,total
3.355310000188183,premium,total
3.6127460007264744,premium,total
3.044752000278095,premium,total
3.635189001215622,premium,total
2.9031840022071265,premium,total
3.528047000145307,premium,total
4.066726000019116,premium,total
4.182806002063444,premium,total
3.6956829972041305,premium,total
3.9232849994732533,premium,total
3.4024689994112123,premium,total
3.902705997461453,premium,total
3.8704140024492517,premium,total
4.325155001424719,premium,total
3.9642019983148202,premium,total
5.856071999005508,premium,total
5.8654989989008754,premium,total
4.907416998321423,premium,total
4.612559001543559,premium,total
4.243049999786308,premium,total
3.93903400254203,premium,total
3.7218029974610545,premium,total
4.031730000860989,premium,total
5.036901999119436,premium,total
4.960826998285484,premium,total
5.367918001866201,premium,total
4.84757400045055,premium,total
3.745768000953831,premium,total
3.1869910017121583,premium,total
3.6309009992692154,premium,total
3.1038930028444156,premium,total
3.617605998442741,premium,total
3.272072000982007,premium,total
3.7294680005288683,premium,total
3.460317999270046,premium,total
3.843222999421414,premium,total
3.96630599789205,premium,total
3.892755998094799,premium,total
4.330955998739228,premium,total
3.783660002227407,premium,total
4.033081997476984,premium,total
3.7556669994955882,premium,total
3.611584001191659,premium,total
3.532645001541823,premium,total
3.9736500002618413,premium,total
3.7460790008481126,premium,total
3.978618999099126,premium,total
3.977666998252971,premium,total
4.239934001816437,premium,total
3.989189997810172,premium,total
3.2103150006150827,premium,total
3.2874610005819704,premium,total
3.7475819990504533,premium,total
3.963250001106644,premium,total
3.37766200027545,premium,total
3.3296410001639742,premium,total
4.659177000576165,premium,total
5.488726998009952,premium,total
3.8822869973955676,premium,total
4.214515000057872,premium,total
3.9644430034968536,premium,total
3.3509509994473774,premium,total
3.238708999560913,premium,total
4.126699001062661,premium,total
3.610862997447839,premium,total
3.5370840014365967,premium,total
3.711794000992086,premium,total
3.514420001010876,premium,total
3.655779000837356,premium,total
4.493484000704484,premium,total
4.541984999377746,premium,total
4.300738997699227,premium,total
3.827132000878919,premium,total
3.700131997902645,premium,total
3.9946200013218913,premium,total
3.325764002511278,premium,total
3.763642998819705,premium,total
3.799140002229251,premium,total
4.042158998345258,premium,total
3.916691999620525,premium,total
3.8569690004806034,premium,total
3.671868002129486,premium,total
4.347498001152417,premium,total
5.39811500129872,premium,total
4.711435998615343,premium,total
4.83925800290308,premium,total
5.401351998443715,premium,total
5.173659999854863,premium,total
4.980945999705,premium,total
5.027734998293454,premium,total
4.718138003227068,premium,total
4.606017002515728,premium,total
3.678310997202061,premium,total
3.6681120000139344,premium,total
4.799792997800978,premium,total
4.1134640014206525,premium,total
4.065282999363262,premium,total
4.3861310005013365,premium,total
3.753533001145115,premium,total
3.8251389996730722,premium,total
3.602998000133084,premium,total
3.171481999743264,premium,total
3.4966769999300595,premium,total
3.421474000788294,premium,total
3.874141999403946,premium,total
3.868320996843977,premium,total
3.768071001104545,premium,total
3.799369998887414,premium,total
3.871666998747969,premium,total
3.4956149975187145,premium,total
3.8608559989370406,premium,total
3.278182997746626,premium,total
3.3948350028367713,premium,total
4.195870002149604,premium,total
4.5189419979578815,premium,total
5.080694998468971,premium,total
4.051738000271143,premium,total
4.124615999899106,premium,total
4.000921002443647,premium,total
3.6452679996727966,premium,total
3.475998000794789,premium,total
3.6941210018994752,premium,total
3.433327001403086,premium,total
3.6941100006515626,premium,total
3.491056999337161,premium,total
3.3453809992352035,premium,total
3.414040998904966,premium,total
3.660496000520652,premium,total
3.5409010015428066,premium,total
3.504432002955582,premium,total
3.485556000669021,premium,total
4.032752000057371,premium,total
3.4316239980398677,premium,total
4.164130001299782,premium,total
3.6893020005663857,premium,total
4.4775030000892,premium,total
3.315694997581886,premium,total
3.4401299999444745,premium,total
3.9783290012564976,premium,total
5.072839998319978,premium,total
5.681540998921264,premium,total
6.323236000753241,premium,total
5.579008000495378,premium,total
4.599814001267077,premium,total
4.604333000315819,premium,total
4.3522759988263715,premium,total
4.455522001080681,premium,total
4.658947000280023,premium,total
4.408703000081005,premium,total
4.6772209971095435,premium,total
4.564928000036161,premium,total
4.9337569980707485,premium,total
4.4410350019461475,premium,total
5.310339001880493,premium,total
4.566581999824848,premium,total
4.9176659995282535,premium,total
4.491690000577364,premium,total
3.986514999269275,premium,total
3.3575439993001055,premium,total
4.478844999539433,premium,total
4.712287998700049,premium,total
3.682468999613775,premium,total
4.834819999814499,premium,total
3.8904430002730805,premium,total
3.2540180000069086,premium,total
3.6572409990185406,premium,total
3.304062000097474,premium,total
3.6661989979620557,premium,total
3.61741500091739,premium,total
5.46774699978414,premium,total
4.729230000521056,premium,total
4.45071200010716,premium,total
4.432698999153217,premium,total
5.288047002977692,premium,total
4.92055100039579,premium,total
4.054192002513446,premium,total
3.9974050014279783,premium,total
4.0480799980286974,premium,total
4.1220810016966425,premium,total
3.8866750001034234,premium,total
4.706717001681682,premium,total
3.682349000882823,premium,total
3.8337549995048903,premium,total
3.596295999159338,premium,total
3.7196990015218034,premium,total
4.685817999416031,premium,total
4.078939000464743,premium,total
4.001473000244005,premium,total
4.116359999898123,premium,total
3.844626000500284,premium,total
4.275340997992316,premium,total
3.421085002628388,premium,total
3.6799640001845546,premium,total
3.6309610004536808,premium,total
3.9227739980560727,premium,total
3.5762869993050117,premium,total
3.106398999079829,premium,total
3.417546999116894,premium,total
3.801093000220135,premium,total
3.787356999964686,premium,total
3.888858998834621,premium,total
4.23172900264035,premium,total
3.942089999327436,premium,total
3.5919270012527704,premium,total
3.389164001418976,premium,total
3.503290001390269,premium,total
3.4578640006657224,premium,total
4.207242000120459,premium,total
3.9347470010397956,premium,total
3.5094099985144567,premium,total
3.1208260006678756,premium,total
3.7883789991610684,premium,total
3.5051730010309257,premium,total
3.8459079987660516,premium,total
4.496117999224225,premium,total
4.978871998901013,premium,total
5.077399000583682,premium,total
5.232662002526922,premium,total
4.878341998846736,premium,total
5.95112199880532,premium,total
4.5434280000336,premium,total
4.7191310004564,premium,total
3.8339060010912362,premium,total
3.981714999099495,premium,total
5.092196002806304,premium,total
4.626283996913116,premium,total
5.638769998768112,premium,total
4.364821001217933,premium,total
4.287403000489576,premium,total
3.5683130008692387,premium,total
4.850699999224162,premium,total
3.6090089997742325,premium,total
2.900278999732109,premium,total
3.516374999890104,premium,total
3.064989999984391,premium,total
3.278173000580864,premium,total
3.217859000869794,premium,total
3.350049999426119,premium,total
3.2615230011288077,premium,total
3.0841159968986176,premium,total
3.2652789996063802,premium,total
3.228721001505619,premium,total
4.188005998003064,premium,total
5.479580002429429,premium,total
3.913295000529615,premium,total
4.225586002576165,premium,total
3.8636409990431275,premium,total
4.0016729981289245,premium,total
3.9489730006607715,premium,total
4.0872350000427105,premium,total
3.4367739972367417,premium,total
3.9894389992696233,premium,total
3.602125998440897,premium,total
4.195990997686749,premium,total
3.4195109983556904,premium,total
3.3504599996376783,premium,total
3.345100998558337,premium,total
3.220454000256723,premium,total
3.78778799858992,premium,total
3.5478839999996126,premium,total
4.526755998085719,premium,total
3.1198539982142393,premium,total
3.335983001306886,premium,total
3.242096001486061,premium,total
3.2598289981251583,premium,total
3.5315730019647162,premium,total
3.1833629982429557,premium,total
3.1832540007599164,premium,total
3.2095530004880857,premium,total
2.8205179987708107,premium,total
3.1928620010148734,premium,total
3.4625929984031245,premium,total
3.178474999003811,premium,total
4.448257001058664,premium,total
3.5698060019058175,premium,total
3.3667819989204872,premium,total
3.2364049984607846,premium,total
4.097434000868816,premium,total
3.6590439995052293,premium,total
3.5947430005762726,premium,total
3.4769990015774965,premium,total
3.0027920001884922,premium,total
3.347795998706715,premium,total
3.577880997909233,premium,total
3.125314000499202,premium,total
3.2009670030674897,premium,total
3.0320779987960123,premium,total
2.8637690011237282,premium,total
3.5518810000212397,premium,total
3.2334700008505024,premium,total
3.725329999724636,premium,total
3.2618620025459677,premium,total
3.783770000154618,premium,total
3.5592549975262955,premium,total
3.229911999369506,premium,total
3.5620700000436045,premium,total
3.7880589989072178,premium,total
3.969471999880625,premium,total
3.6140290030743927,premium,total
3.627674999734154,premium,total
4.863194000790827,premium,total
4.986075997294392,premium,total
5.139445998793235,premium,total
5.57049199778703,premium,total
5.042082000727532,premium,total
4.3573760012805,premium,total
4.564988001220627,premium,total
3.924166001525009,premium,total
3.257705000578426,premium,total
5.2105710019532125,premium,total
4.276522999134613,premium,total
3.5766479995800182,premium,total
3.7181059997237753,premium,total
3.7332350002543535,premium,total
3.82201300089946,premium,total
4.114786999707576,premium,total
3.7469700000656303,premium,total
4.380419999506557,premium,total
4.622857999493135,premium,total
4.9443969983258285,premium,total
4.636033998394851,premium,total
4.69936299850815,premium,total
4.045235997182317,premium,total
3.9346359990304336,premium,total
4.735642000014195,premium,total
4.240494999976363,premium,total
4.3816019970108755,premium,total
4.267345000698697,premium,total
3.305063997686375,premium,total
3.4494479987188242,premium,total
3.5714589976123534,premium,total
3.469747000053758,premium,total
3.889440999046201,premium,total
3.4024480009975377,premium,total
3.5738930018851534,premium,total
3.3718310005497187,premium,total
3.2922709979175124,premium,total
5.0107320021197665,premium,total
5.220670002017869,premium,total
4.451693999726558,premium,total
4.975014999217819,premium,total
4.342478001490235,premium,total
3.6098510026931763,premium,total
3.9382930008287076,premium,total
4.440552998858038,premium,total
4.233681996993255,premium,total
5.227712998021161,premium,total
4.046387999551371,premium,total
5.143763999512885,premium,total
4.418111002451042,premium,total
3.9893800021673087,premium,total
4.060212999320356,premium,total
3.735999998752959,premium,total
4.273216996807605,premium,total
3.8305089983623475,premium,total
4.204627002764028,premium,total
4.592932000377914,premium,total
4.797689001861727,premium,total
4.47960699966643,premium,total
4.244461997586768,premium,total
3.8685209983668756,premium,total
4.317490998801077,premium,total
3.4605190012371168,premium,total
3.7678299995604903,premium,total
3.746780002984451,premium,total
3.6113349997322075,premium,total
4.289747997972881,premium,total
3.640109000116354,premium,total
3.3197520024259575,premium,total
3.577719999157125,premium,total
3.145792998111574,premium,total
4.09986899830983,premium,total
4.389075998915359,premium,total
3.590684002119815,premium,total
3.9098189990909304,premium,total
6.575473002158105,premium,total
5.187095997825963,premium,total
3.455448997556232,premium,total
4.069280999829061,premium,total
4.23886200223933,premium,total
4.745540998555953,premium,total
4.4693270028801635,premium,total
4.496940997341881,premium,total
3.664133997517638,premium,total
3.5717489990929607,premium,total
3.6776800006919075,premium,total
3.332476000650786,premium,total
3.955054999096319,premium,total
3.368505000253208,premium,total
3.318900002341252,premium,total
3.9936979992489796,premium,total
3.9436430015484802,premium,total
3.645749999122927,premium,total
4.52657600180828,premium,total
4.205918998195557,premium,total
3.8666569998895284,premium,total
4.1576580006221775,premium,total
3.8811740014352836,premium,total
3.4440279996488243,premium,total
3.4975990020029712,premium,total
3.846159001113847,premium,total
3.433277001022361,premium,total
3.5958549997303635,premium,total
3.443727000558283,premium,total
3.284966998762684,premium,total
3.8170839980011806,premium,total
3.3064080016629305,premium,total
3.3185399988724384,premium,total
3.776305999053875,premium,total
3.4719399991445243,premium,total
3.3241009987250436,premium,total
3.173505003360333,premium,total
4.157167000812478,premium,total
5.599185999017209,premium,total
5.501331001141807,premium,total
4.306119000830222,premium,total
4.722577003121842,premium,total
4.945358999975724,premium,total
4.6479359989461955,premium,total
4.56731300073443,premium,total
3.3533860005263705,premium,total
3.280777997133555,premium,total
4.648407000786392,premium,total
3.675375002785586,premium,total
3.8492950006911997,premium,total
4.842654001549818,premium,total
4.599454001436243,premium,total
3.6691440000140574,premium,total
3.9126740011852235,premium,total
3.1713610005681403,premium,total
3.5061449998465832,premium,total
4.096342003322206,premium,total
3.7883690019953065,premium,total
4.063529999257298,premium,total
3.7988599979144055,premium,total
3.631783001765143,premium,total
4.032390999782365,premium,total
2.9790180014970247,premium,total
3.6245689989300445,premium,total
3.186891000950709,premium,total
4.19721299840603,premium,total
3.876735998346703,premium,total
3.4497080014261883,premium,total
3.9374619991576765,premium,total
4.3414350002422,premium,total
3.6562790010066237,premium,total
4.070482998940861,premium,total
3.8252890008152463,premium,total
4.009055999631528,premium,total
4.243299998051953,premium,total
3.367482997418847,premium,total
3.9800519989512395,premium,total
3.7399879984150175,premium,total
5.213977001403691,premium,total
4.001451998192351,premium,total
4.377684999781195,premium,total
3.8542239999515004,premium,total
3.1328779987234157,premium,total
3.8561680012207944,premium,total
3.576087998226285,premium,total
3.210574999684468,premium,total
3.6551369994413108,premium,total
3.289996999228606,premium,total
3.684142000565771,premium,total
3.9439440006390214,premium,total
4.230835998896509,premium,total
4.712107001978438,premium,total
4.24245899921516,premium,total
3.6743529999512248,premium,total
3.4347490000072867,premium,total
3.267342999606626,premium,total
3.8685609979438595,premium,total
4.101451999304118,premium,total
3.894580000633141,premium,total
4.242298000463052,premium,total
3.7375130013970193,premium,total
3.3502190017316025,premium,total
3.908155998942675,premium,total
3.7180960025580134,premium,total
3.782558000239078,premium,total
3.7988289986969903,premium,total
4.29124099900946,premium,total
3.485416000330588,premium,total
3.5643549999804236,premium,total
4.76068900024984,premium,total
4.657874000258744,premium,total
5.202194999583298,premium,total
5.753868001193041,premium,total
4.427799001859967,premium,total
4.088947996933712,premium,total
4.3482290020619985,premium,total
3.958100998715963,premium,total
4.199105998850428,premium,total
3.5112340010527987,premium,total
3.4209229997941293,premium,total
3.9391250029439107,premium,total
4.331637002906064,premium,total
4.42600599853904,premium,total
6.083041997044347,premium,total
3.3363539987476543,premium,total
3.4332379982515704,premium,total
3.7311010019038804,premium,total
3.1899659988994244,premium,total
3.021948999958113,premium,total
2.989797998452559,premium,total
2.946445998531999,premium,total
3.386928998224903,premium,total
3.584473000955768,premium,total
4.396790998725919,premium,total
4.765057998156408,premium,total
4.221317998599261,premium,total
4.373195999505697,premium,total
3.660086000309093,premium,total
3.525341999193188,premium,total
4.197834001388401,premium,total
3.901022002537502,premium,total
3.5383959984756075,premium,total
